string_id,language,language_code,english_text,current_translation,needs_translation
app_name,Afrikaans,values-af,Atomic,Atomic,YES
kelvin,Afrikaans,values-af,Kelvin,Kelvin,YES
celsius,Afrikaans,values-af,Celsius,Celsius,YES
fahrenheit,Afrikaans,values-af,Fahrenheit,Fahrenheit,YES
git_title,Afrikaans,values-af,Github,Github,YES
chip_water,Afrikaans,values-af,Water,Water,YES
wikipedia_license,Afrikaans,values-af,Wikipedia Commons,Wikipedia Commons,YES
sothree_license,Afrikaans,values-af,Android Sliding Up Panel,Android Sliding Up Panel,YES
progress_text_placeholder,Afrikaans,values-af,50/500,50/500,YES
pro_plus_badge,Afrikaans,values-af,PRO+,PRO+,YES
lives_count_placeholder,Afrikaans,values-af,5,5,YES
level_stat_placeholder,Afrikaans,values-af,---,---,YES
completed_quizzes_stat_placeholder,Afrikaans,values-af,---,---,YES
reward_5pct_title,Afrikaans,values-af,+5% XP bonus,+5% XP bonus,YES
credits_giancarlo,Afrikaans,values-af,Giancarlo Mérida,Giancarlo Mérida,YES
credits_electro_boy,Afrikaans,values-af,ElectroBoy10,ElectroBoy10,YES
get_pro_short,Afrikaans,values-af,PRO,PRO,YES
achievement_reached_prefix,Afrikaans,values-af,Achievement reached: ,Achievement reached: ,YES
additional_data_item,Afrikaans,values-af,- Additional Data:,- Additional Data:,YES
additional_flashcards_games,Afrikaans,values-af,Additional Flashcards games:,Additional Flashcards games:,YES
additional_properties_requires_pro,Afrikaans,values-af,Additional properties requires PRO-version. Get PRO to unlock more data and tables:,Additional properties requires PRO-version. Get PRO to unlock more data and tables:,YES
additional_tables_item,Afrikaans,values-af,- Additional Tables:,- Additional Tables:,YES
all_core_features,Afrikaans,values-af,All Core Features,All Core Features,YES
and_more_item,Afrikaans,values-af,- And more,- And more,YES
appearance_colon,Afrikaans,values-af,Appearance:,Appearance:,YES
atomic_mass_colon,Afrikaans,values-af,Atomic Mass:,Atomic Mass:,YES
atomic_number_label,Afrikaans,values-af,Atomic Number:,Atomic Number:,YES
atomic_radius_calculated_colon,Afrikaans,values-af,Atomic Radius (Calculated):,Atomic Radius (Calculated):,YES
atomic_radius_empirical_colon,Afrikaans,values-af,Atomic Radius (Empirical):,Atomic Radius (Empirical):,YES
atomic_weight_relative_atomic_mass,Afrikaans,values-af,Atomic Weight (Relative Atomic Mass):,Atomic Weight (Relative Atomic Mass):,YES
balance_equation,Afrikaans,values-af,Balance equation:,Balance equation:,YES
balance_equation_colon,Afrikaans,values-af,Balance equation:,Balance equation:,YES
block_colon,Afrikaans,values-af,Block:,Block:,YES
boiling_point_colon,Afrikaans,values-af,Boiling Point:,Boiling Point:,YES
brinell_hardness_colon,Afrikaans,values-af,Brinell hardness:,Brinell hardness:,YES
calculations,Afrikaans,values-af,Calculations,Calculations,YES
calculations_stat,Afrikaans,values-af,Calculations,Calculations,YES
card_order,Afrikaans,values-af,Card Order,Card Order,YES
color_label,Afrikaans,values-af,Color: ,Color: ,YES
constants_table_label,Afrikaans,values-af,Constants Table:,Constants Table:,YES
correct,Afrikaans,values-af,Correct,Correct,YES
correct_answer,Afrikaans,values-af,Correct answer: %s,Correct answer: %s,YES
cristal_structure_label,Afrikaans,values-af,Cristal Structure: ,Cristal Structure: ,YES
currently_no_favorites,Afrikaans,values-af,Currently no favorites,Currently no favorites,YES
density_colon,Afrikaans,values-af,Density:,Density:,YES
density_label,Afrikaans,values-af,Density: ,Density: ,YES
electron_shell_colon,Afrikaans,values-af,Electron Shell:,Electron Shell:,YES
electronegativity_colon,Afrikaans,values-af,Electronegativity:,Electronegativity:,YES
elements_included_will_be_shown_here,Afrikaans,values-af,Elements included will be shown here,Elements included will be shown here,YES
elements_opened,Afrikaans,values-af,Elements opened,Elements opened,YES
emission_spectrum_colon,Afrikaans,values-af,Emission Spectrum:,Emission Spectrum:,YES
enable_zoom_in_tables,Afrikaans,values-af,Enable Zoom in tables,Enable Zoom in tables,YES
experimental,Afrikaans,values-af,Experimental,Experimental,YES
favorites_colon,Afrikaans,values-af,Favorites:,Favorites:,YES
fifty_lives_in_flashcards,Afrikaans,values-af,50 lives in Flashcards:,50 lives in Flashcards:,YES
finished_game_xp,Afrikaans,values-af,Finished Game: +%dxp,Finished Game: +%dxp,YES
formula_will_be_displayed_here,Afrikaans,values-af,Formula will be displayed here,Formula will be displayed here,YES
fusion_heat_colon,Afrikaans,values-af,Fusion heat:,Fusion heat:,YES
game_results,Afrikaans,values-af,Game Results,Game Results,YES
get_pro_button,Afrikaans,values-af,Get PRO,Get PRO,YES
get_pro_plus_button,Afrikaans,values-af,Get PRO+,Get PRO+,YES
go_online_for_emission_lines,Afrikaans,values-af,Go online for emission lines,Go online for emission lines,YES
go_pro_more_features,Afrikaans,values-af,Go Pro - more features,Go Pro - more features,YES
go_pro_school_start_sale,Afrikaans,values-af,GO PRO - SCHOOL START SALE,GO PRO - SCHOOL START SALE,YES
group_label,Afrikaans,values-af,Group: ,Group: ,YES
hardness_label,Afrikaans,values-af,Hardness: ,Hardness: ,YES
isotopes_table_description,Afrikaans,values-af,"A table with isotopes for different elements as well as half-time, mass, proton, neutron and nucleons data.","A table with isotopes for different elements as well as half-time, mass, proton, neutron and nucleons data.",YES
level_x_y,Afrikaans,values-af,Level X-Y,Level X-Y,YES
lives_label,Afrikaans,values-af,Lives: %s,Lives: %s,YES
lives_lost_detail,Afrikaans,values-af,Lives lost: %1$d (%2$d per wrong/timeout answer),Lives lost: %1$d (%2$d per wrong/timeout answer),YES
lives_unlimited,Afrikaans,values-af,Lives: ∞,Lives: ∞,YES
magnetism_label,Afrikaans,values-af,Magnetism: ,Magnetism: ,YES
melting_point_colon,Afrikaans,values-af,Melting Point:,Melting Point:,YES
most_advanced,Afrikaans,values-af,Most advanced,Most advanced,YES
new_label,Afrikaans,values-af,NEW,NEW,YES
next_life_in,Afrikaans,values-af,Next life in %1$d minutes and %2$d seconds.\nYou will gain %3$d life%4$s.,Next life in %1$d minutes and %2$d seconds.\nYou will gain %3$d life%4$s.,YES
no_image,Afrikaans,values-af,No Image,No Image,YES
non_pro,Afrikaans,values-af,NON-PRO,NON-PRO,YES
option_placeholder,Afrikaans,values-af,Option %d,Option %d,YES
out_of_lives_hours,Afrikaans,values-af,"Out of lives! More lives in %1$d hours, %2$d minutes and %3$d seconds.","Out of lives! More lives in %1$d hours, %2$d minutes and %3$d seconds.",YES
out_of_lives_minutes,Afrikaans,values-af,Out of lives! More lives in %1$d minutes and %2$d seconds.,Out of lives! More lives in %1$d minutes and %2$d seconds.,YES
perfect_all_correct_xp,Afrikaans,values-af,Perfect (All Correct): +%dxp,Perfect (All Correct): +%dxp,YES
phase_stp_colon,Afrikaans,values-af,Phase (STP):,Phase (STP):,YES
pro_plus_rewards,Afrikaans,values-af,PRO+ Rewards: %s,PRO+ Rewards: %s,YES
pro_plus_user,Afrikaans,values-af,PRO+ USER,PRO+ USER,YES
pro_plus_version,Afrikaans,values-af,PRO+ Version,PRO+ Version,YES
pro_user,Afrikaans,values-af,PRO USER,PRO USER,YES
pro_version,Afrikaans,values-af,PRO Version,PRO Version,YES
progress_xp,Afrikaans,values-af,%1$d/%2$d,%1$d/%2$d,YES
question_text,Afrikaans,values-af,Question text,Question text,YES
questions_correct_xp,Afrikaans,values-af,Questions Correct: +%dxp,Questions Correct: +%dxp,YES
rate,Afrikaans,values-af,Rate,Rate,YES
rate_app,Afrikaans,values-af,Rate App,Rate App,YES
rate_app_description,Afrikaans,values-af,"Let us know what you think of the app, by rating it on the Play Store!","Let us know what you think of the app, by rating it on the Play Store!",YES
reaction_balancer,Afrikaans,values-af,Reaction Balancer:,Reaction Balancer:,YES
score_summary,Afrikaans,values-af,Score: %1$d/%2$d,Score: %1$d/%2$d,YES
searches,Afrikaans,values-af,Searches,Searches,YES
solubility_table,Afrikaans,values-af,Solubility Table,Solubility Table,YES
specific_heat_capacity_colon,Afrikaans,values-af,Specific Heat Capacity:,Specific Heat Capacity:,YES
streak_label,Afrikaans,values-af,Streak: ,Streak: ,YES
time_up,Afrikaans,values-af,Time\'s Up,Time\'s Up,YES
tools,Afrikaans,values-af,Tools,Tools,YES
total_xp_stat,Afrikaans,values-af,Total XP: %d,Total XP: %d,YES
type_label,Afrikaans,values-af,Type: ,Type: ,YES
unit_conversion_format,Afrikaans,values-af,%1$s %2$s → %3$s %4$s (%5$s),%1$s %2$s → %3$s %4$s (%5$s),YES
unlock_advanced_data_and_additional_flashcards,Afrikaans,values-af,Unlock advanced data and additional flashcards.,Unlock advanced data and additional flashcards.,YES
unlock_advanced_data_and_extra_atomic_content,Afrikaans,values-af,Unlock advanced data and extra Atomic content.,Unlock advanced data and extra Atomic content.,YES
usage_statistics,Afrikaans,values-af,Usage Statistics,Usage Statistics,YES
vaporization_heat_colon,Afrikaans,values-af,Vaporization Heat:,Vaporization Heat:,YES
wrong,Afrikaans,values-af,Wrong,Wrong,YES
xp_bonus,Afrikaans,values-af,+%d%% bonus xp,+%d%% bonus xp,YES
you_have_full_lives,Afrikaans,values-af,You have full lives!,You have full lives!,YES
your_answer,Afrikaans,values-af,Your answer: %s,Your answer: %s,YES
app_name,Filipino,values-b+fil,Atomic,Atomic,YES
blog,Filipino,values-b+fil,Blog,Blog,YES
bulk_modulus,Filipino,values-b+fil,Bulk Modulus,Bulk Modulus,YES
shear_modulus,Filipino,values-b+fil,Shear Modulus,Shear Modulus,YES
pro_price_discount,Filipino,values-b+fil,pro_price_discount,pro_price_discount,YES
element_elastic_modulus,Filipino,values-b+fil,Elastic modulus:,Elastic modulus:,YES
element_shear_modulus,Filipino,values-b+fil,Shear modulus:,Shear modulus:,YES
element_bulk_modulus,Filipino,values-b+fil,Bulk modulus:,Bulk modulus:,YES
kelvin,Filipino,values-b+fil,Kelvin,Kelvin,YES
celsius,Filipino,values-b+fil,Celsius,Celsius,YES
fahrenheit,Filipino,values-b+fil,Fahrenheit,Fahrenheit,YES
sources_wwe_text,Filipino,values-b+fil,"Mackenzie L. Davis, (2019). Water and wastewater Engineering: Design Principles and Practise, second edition. ISBN: 978-1-260-13227-4","Mackenzie L. Davis, (2019). Water and wastewater Engineering: Design Principles and Practise, second edition. ISBN: 978-1-260-13227-4",YES
other_settings,Filipino,values-b+fil,Advanced,Advanced,YES
clear_cache_text,Filipino,values-b+fil,cache_size,cache_size,YES
submit_bug,Filipino,values-b+fil,Bug,Bug,YES
git_title,Filipino,values-b+fil,Github,Github,YES
settings_nav_bar_title,Filipino,values-b+fil,Auto-hide Bottombar,Auto-hide Bottombar,YES
auto_hide_bottombar,Filipino,values-b+fil,Auto-hide Bottombar,Auto-hide Bottombar,YES
table_electrochemical,Filipino,values-b+fil,Electrochemical Series,Electrochemical Series,YES
activity_ph_neutral,Filipino,values-b+fil,Neutral,Neutral,YES
activity_ph_methyl_orange,Filipino,values-b+fil,Methyl-orange,Methyl-orange,YES
activity_ph_bromothymol_blue,Filipino,values-b+fil,Bromothymol Blue,Bromothymol Blue,YES
activity_ph_congo_red,Filipino,values-b+fil,Congo Red,Congo Red,YES
activity_ph_phenolphthalein,Filipino,values-b+fil,Phenolphthalein,Phenolphthalein,YES
electrochemical_series,Filipino,values-b+fil,Electrochemical Series,Electrochemical Series,YES
short_voltage,Filipino,values-b+fil, (Volt), (Volt),YES
bug,Filipino,values-b+fil,Bug,Bug,YES
wikipedia_license,Filipino,values-b+fil,Wikipedia Commons,Wikipedia Commons,YES
sothree_license,Filipino,values-b+fil,Android Sliding Up Panel,Android Sliding Up Panel,YES
sothree_license_text,Filipino,values-b+fil,"Copyright 2015 Anton Lopyrev\n\nLicensed under the Apache License, Version 2.0 (the ""License"");you may not use this file except in compliance with the License.You may obtain a copy of the License at
    \n\nhttp://www.apache.org/licenses/LICENSE-2.0\n\n   Unless required by applicable law or agreed to in writing, softwaredistributed under the License is distributed on an ""AS IS"" BASIS, WITHOUT WARRANTIES OR CONDITIONS OF ANY KIND, either express or implied.See the License for the specific language governing permissions andlimitations under the License.","Copyright 2015 Anton Lopyrev\n\nLicensed under the Apache License, Version 2.0 (the ""License"");you may not use this file except in compliance with the License.You may obtain a copy of the License at
    \n\nhttp://www.apache.org/licenses/LICENSE-2.0\n\n   Unless required by applicable law or agreed to in writing, softwaredistributed under the License is distributed on an ""AS IS"" BASIS, WITHOUT WARRANTIES OR CONDITIONS OF ANY KIND, either express or implied.See the License for the specific language governing permissions andlimitations under the License.",YES
ele,Filipino,values-b+fil,Electrochemical Series,Electrochemical Series,YES
uni,Filipino,values-b+fil,Unit Converter,Unit Converter,YES
unit_title,Filipino,values-b+fil,Unit Converter,Unit Converter,YES
calc_molar_mass,Filipino,values-b+fil,Molar Mass:,Molar Mass:,YES
unit_converter_title,Filipino,values-b+fil,Unit Converter,Unit Converter,YES
unit_output_value,Filipino,values-b+fil,Output,Output,YES
unit_formula,Filipino,values-b+fil,Formula:,Formula:,YES
flashcards_title,Filipino,values-b+fil,Flashcards,Flashcards,YES
learning_games,Filipino,values-b+fil,Learning-Games:,Learning-Games:,YES
flashcards_atomic_mass,Filipino,values-b+fil,Atomic Mass,Atomic Mass,YES
flashcards_game_element_atomic_mass,Filipino,values-b+fil,Atomic Mass,Atomic Mass,YES
progress_text_placeholder,Filipino,values-b+fil,50/500,50/500,YES
atomic_mass,Filipino,values-b+fil,Atomic Mass,Atomic Mass,YES
phase_stp,Filipino,values-b+fil,Phase (STP),Phase (STP),YES
superconducting_point,Filipino,values-b+fil,Superconducting Point,Superconducting Point,YES
neutron_cross_sectional,Filipino,values-b+fil,Neutron Cross Sectional,Neutron Cross Sectional,YES
mohs_hardness,Filipino,values-b+fil,Mohs Hardness,Mohs Hardness,YES
vickers_hardness,Filipino,values-b+fil,Vickers Hardness,Vickers Hardness,YES
brinell_hardness,Filipino,values-b+fil,Brinell Hardness,Brinell Hardness,YES
pro_plus_badge,Filipino,values-b+fil,PRO+,PRO+,YES
lives_count_placeholder,Filipino,values-b+fil,5,5,YES
level_stat_placeholder,Filipino,values-b+fil,---,---,YES
completed_quizzes_stat_placeholder,Filipino,values-b+fil,---,---,YES
level_25_29,Filipino,values-b+fil,Level 25,Level 25,YES
level_30_34,Filipino,values-b+fil,Level 30,Level 30,YES
boiling_point_celsius,Filipino,values-b+fil,Boiling Point (°C):,Boiling Point (°C):,YES
boiling_point_fahrenheit,Filipino,values-b+fil,Boiling Point (°F):,Boiling Point (°F):,YES
boiling_point_kelvin,Filipino,values-b+fil,Boiling Point (Kelvin):,Boiling Point (Kelvin):,YES
melting_point_celsius,Filipino,values-b+fil,Melting Point (°C):,Melting Point (°C):,YES
melting_point_fahrenheit,Filipino,values-b+fil,Melting Point (°F):,Melting Point (°F):,YES
melting_point_kelvin,Filipino,values-b+fil,Melting Point (Kelvin):,Melting Point (Kelvin):,YES
level_range_format,Filipino,values-b+fil,Level %1$d,Level %1$d,YES
reward_5pct_title,Filipino,values-b+fil,+5% XP bonus,+5% XP bonus,YES
credits_giancarlo,Filipino,values-b+fil,Giancarlo Mérida,Giancarlo Mérida,YES
credits_electro_boy,Filipino,values-b+fil,ElectroBoy10,ElectroBoy10,YES
get_pro_short,Filipino,values-b+fil,PRO,PRO,YES
achievement_reached_prefix,Filipino,values-b+fil,Achievement reached: ,Achievement reached: ,YES
additional_data_item,Filipino,values-b+fil,- Additional Data:,- Additional Data:,YES
additional_flashcards_games,Filipino,values-b+fil,Additional Flashcards games:,Additional Flashcards games:,YES
additional_properties_requires_pro,Filipino,values-b+fil,Additional properties requires PRO-version. Get PRO to unlock more data and tables:,Additional properties requires PRO-version. Get PRO to unlock more data and tables:,YES
additional_tables_item,Filipino,values-b+fil,- Additional Tables:,- Additional Tables:,YES
all_core_features,Filipino,values-b+fil,All Core Features,All Core Features,YES
and_more_item,Filipino,values-b+fil,- And more,- And more,YES
appearance_colon,Filipino,values-b+fil,Appearance:,Appearance:,YES
atomic_mass_colon,Filipino,values-b+fil,Atomic Mass:,Atomic Mass:,YES
atomic_number_label,Filipino,values-b+fil,Atomic Number:,Atomic Number:,YES
atomic_radius_calculated_colon,Filipino,values-b+fil,Atomic Radius (Calculated):,Atomic Radius (Calculated):,YES
atomic_radius_empirical_colon,Filipino,values-b+fil,Atomic Radius (Empirical):,Atomic Radius (Empirical):,YES
atomic_weight_relative_atomic_mass,Filipino,values-b+fil,Atomic Weight (Relative Atomic Mass):,Atomic Weight (Relative Atomic Mass):,YES
balance_equation,Filipino,values-b+fil,Balance equation:,Balance equation:,YES
balance_equation_colon,Filipino,values-b+fil,Balance equation:,Balance equation:,YES
block_colon,Filipino,values-b+fil,Block:,Block:,YES
boiling_point_colon,Filipino,values-b+fil,Boiling Point:,Boiling Point:,YES
brinell_hardness_colon,Filipino,values-b+fil,Brinell hardness:,Brinell hardness:,YES
calculations,Filipino,values-b+fil,Calculations,Calculations,YES
calculations_stat,Filipino,values-b+fil,Calculations,Calculations,YES
card_order,Filipino,values-b+fil,Card Order,Card Order,YES
color_label,Filipino,values-b+fil,Color: ,Color: ,YES
constants_table_label,Filipino,values-b+fil,Constants Table:,Constants Table:,YES
correct,Filipino,values-b+fil,Correct,Correct,YES
correct_answer,Filipino,values-b+fil,Correct answer: %s,Correct answer: %s,YES
cristal_structure_label,Filipino,values-b+fil,Cristal Structure: ,Cristal Structure: ,YES
currently_no_favorites,Filipino,values-b+fil,Currently no favorites,Currently no favorites,YES
density_colon,Filipino,values-b+fil,Density:,Density:,YES
density_label,Filipino,values-b+fil,Density: ,Density: ,YES
electron_shell_colon,Filipino,values-b+fil,Electron Shell:,Electron Shell:,YES
electronegativity_colon,Filipino,values-b+fil,Electronegativity:,Electronegativity:,YES
elements_included_will_be_shown_here,Filipino,values-b+fil,Elements included will be shown here,Elements included will be shown here,YES
elements_opened,Filipino,values-b+fil,Elements opened,Elements opened,YES
emission_spectrum_colon,Filipino,values-b+fil,Emission Spectrum:,Emission Spectrum:,YES
enable_zoom_in_tables,Filipino,values-b+fil,Enable Zoom in tables,Enable Zoom in tables,YES
experimental,Filipino,values-b+fil,Experimental,Experimental,YES
favorites_colon,Filipino,values-b+fil,Favorites:,Favorites:,YES
fifty_lives_in_flashcards,Filipino,values-b+fil,50 lives in Flashcards:,50 lives in Flashcards:,YES
finished_game_xp,Filipino,values-b+fil,Finished Game: +%dxp,Finished Game: +%dxp,YES
formula_will_be_displayed_here,Filipino,values-b+fil,Formula will be displayed here,Formula will be displayed here,YES
fusion_heat_colon,Filipino,values-b+fil,Fusion heat:,Fusion heat:,YES
game_results,Filipino,values-b+fil,Game Results,Game Results,YES
get_pro_button,Filipino,values-b+fil,Get PRO,Get PRO,YES
get_pro_plus_button,Filipino,values-b+fil,Get PRO+,Get PRO+,YES
go_online_for_emission_lines,Filipino,values-b+fil,Go online for emission lines,Go online for emission lines,YES
go_pro_more_features,Filipino,values-b+fil,Go Pro - more features,Go Pro - more features,YES
go_pro_school_start_sale,Filipino,values-b+fil,GO PRO - SCHOOL START SALE,GO PRO - SCHOOL START SALE,YES
group_label,Filipino,values-b+fil,Group: ,Group: ,YES
hardness_label,Filipino,values-b+fil,Hardness: ,Hardness: ,YES
isotopes_table_description,Filipino,values-b+fil,"A table with isotopes for different elements as well as half-time, mass, proton, neutron and nucleons data.","A table with isotopes for different elements as well as half-time, mass, proton, neutron and nucleons data.",YES
level_x_y,Filipino,values-b+fil,Level X-Y,Level X-Y,YES
lives_label,Filipino,values-b+fil,Lives: %s,Lives: %s,YES
lives_lost_detail,Filipino,values-b+fil,Lives lost: %1$d (%2$d per wrong/timeout answer),Lives lost: %1$d (%2$d per wrong/timeout answer),YES
lives_unlimited,Filipino,values-b+fil,Lives: ∞,Lives: ∞,YES
magnetism_label,Filipino,values-b+fil,Magnetism: ,Magnetism: ,YES
melting_point_colon,Filipino,values-b+fil,Melting Point:,Melting Point:,YES
most_advanced,Filipino,values-b+fil,Most advanced,Most advanced,YES
new_label,Filipino,values-b+fil,NEW,NEW,YES
next_life_in,Filipino,values-b+fil,Next life in %1$d minutes and %2$d seconds.\nYou will gain %3$d life%4$s.,Next life in %1$d minutes and %2$d seconds.\nYou will gain %3$d life%4$s.,YES
no_image,Filipino,values-b+fil,No Image,No Image,YES
non_pro,Filipino,values-b+fil,NON-PRO,NON-PRO,YES
option_placeholder,Filipino,values-b+fil,Option %d,Option %d,YES
out_of_lives_hours,Filipino,values-b+fil,"Out of lives! More lives in %1$d hours, %2$d minutes and %3$d seconds.","Out of lives! More lives in %1$d hours, %2$d minutes and %3$d seconds.",YES
out_of_lives_minutes,Filipino,values-b+fil,Out of lives! More lives in %1$d minutes and %2$d seconds.,Out of lives! More lives in %1$d minutes and %2$d seconds.,YES
perfect_all_correct_xp,Filipino,values-b+fil,Perfect (All Correct): +%dxp,Perfect (All Correct): +%dxp,YES
phase_stp_colon,Filipino,values-b+fil,Phase (STP):,Phase (STP):,YES
pro_plus_rewards,Filipino,values-b+fil,PRO+ Rewards: %s,PRO+ Rewards: %s,YES
pro_plus_user,Filipino,values-b+fil,PRO+ USER,PRO+ USER,YES
pro_plus_version,Filipino,values-b+fil,PRO+ Version,PRO+ Version,YES
pro_user,Filipino,values-b+fil,PRO USER,PRO USER,YES
pro_version,Filipino,values-b+fil,PRO Version,PRO Version,YES
progress_xp,Filipino,values-b+fil,%1$d/%2$d,%1$d/%2$d,YES
question_text,Filipino,values-b+fil,Question text,Question text,YES
questions_correct_xp,Filipino,values-b+fil,Questions Correct: +%dxp,Questions Correct: +%dxp,YES
rate,Filipino,values-b+fil,Rate,Rate,YES
rate_app,Filipino,values-b+fil,Rate App,Rate App,YES
rate_app_description,Filipino,values-b+fil,"Let us know what you think of the app, by rating it on the Play Store!","Let us know what you think of the app, by rating it on the Play Store!",YES
reaction_balancer,Filipino,values-b+fil,Reaction Balancer:,Reaction Balancer:,YES
score_summary,Filipino,values-b+fil,Score: %1$d/%2$d,Score: %1$d/%2$d,YES
searches,Filipino,values-b+fil,Searches,Searches,YES
solubility_table,Filipino,values-b+fil,Solubility Table,Solubility Table,YES
specific_heat_capacity_colon,Filipino,values-b+fil,Specific Heat Capacity:,Specific Heat Capacity:,YES
streak_label,Filipino,values-b+fil,Streak: ,Streak: ,YES
time_up,Filipino,values-b+fil,Time\'s Up,Time\'s Up,YES
tools,Filipino,values-b+fil,Tools,Tools,YES
total_xp_stat,Filipino,values-b+fil,Total XP: %d,Total XP: %d,YES
type_label,Filipino,values-b+fil,Type: ,Type: ,YES
unit_conversion_format,Filipino,values-b+fil,%1$s %2$s → %3$s %4$s (%5$s),%1$s %2$s → %3$s %4$s (%5$s),YES
unlock_advanced_data_and_additional_flashcards,Filipino,values-b+fil,Unlock advanced data and additional flashcards.,Unlock advanced data and additional flashcards.,YES
unlock_advanced_data_and_extra_atomic_content,Filipino,values-b+fil,Unlock advanced data and extra Atomic content.,Unlock advanced data and extra Atomic content.,YES
usage_statistics,Filipino,values-b+fil,Usage Statistics,Usage Statistics,YES
vaporization_heat_colon,Filipino,values-b+fil,Vaporization Heat:,Vaporization Heat:,YES
wrong,Filipino,values-b+fil,Wrong,Wrong,YES
xp_bonus,Filipino,values-b+fil,+%d%% bonus xp,+%d%% bonus xp,YES
you_have_full_lives,Filipino,values-b+fil,You have full lives!,You have full lives!,YES
your_answer,Filipino,values-b+fil,Your answer: %s,Your answer: %s,YES
app_name,German,values-de,Atomic,Atomic,YES
blog,German,values-de,Blog,Blog,YES
pro_price_discount,German,values-de,pro_price_discount,pro_price_discount,YES
kelvin,German,values-de,Kelvin,Kelvin,YES
celsius,German,values-de,Celsius,Celsius,YES
fahrenheit,German,values-de,Fahrenheit,Fahrenheit,YES
sources_wwe_text,German,values-de,"Mackenzie L. Davis, (2019). Water and wastewater Engineering: Design Principles and Practise, second edition. ISBN: 978-1-260-13227-4","Mackenzie L. Davis, (2019). Water and wastewater Engineering: Design Principles and Practise, second edition. ISBN: 978-1-260-13227-4",YES
clear_cache_text,German,values-de,cache_size,cache_size,YES
git_title,German,values-de,Github,Github,YES
activity_ph_neutral,German,values-de,Neutral,Neutral,YES
activity_ph_phenolphthalein,German,values-de,Phenolphthalein,Phenolphthalein,YES
short_voltage,German,values-de, (Volt), (Volt),YES
wikipedia_license,German,values-de,Wikipedia Commons,Wikipedia Commons,YES
wikipedia_license_text,German,values-de,"CREATIVE COMMONS CORPORATION IS NOT A LAW FIRM AND DOES NOT PROVIDE LEGAL SERVICES.
        DISTRIBUTION OF THIS LICENSE DOES NOT CREATE AN ATTORNEY-CLIENT RELATIONSHIP. CREATIVE COMMONS PROVIDES THIS INFORMATION ON AN ""AS-IS"" BASIS. CREATIVE COMMONS MAKES NO WARRANTIES REGARDING THE INFORMATION PROVIDED, AND DISCLAIMS LIABILITY FOR DAMAGES RESULTING FROM ITS USE.\n\nTHE WORK (AS DEFINED BELOW) IS PROVIDED UNDER THE TERMS OF THIS CREATIVE COMMONS PUBLIC LICENSE (""CCPL"" OR ""LICENSE"").
        THE WORK IS PROTECTED BY COPYRIGHT AND/OR OTHER APPLICABLE LAW. ANY USE OF THE WORK OTHER THAN AS AUTHORIZED UNDER THIS LICENSE OR COPYRIGHT LAW IS PROHIBITED.
        BY EXERCISING ANY RIGHTS TO THE WORK PROVIDED HERE, YOU ACCEPT AND AGREE TO BE BOUND BY THE TERMS OF THIS LICENSE. TO THE EXTENT THIS LICENSE MAY BE CONSIDERED TO BE A CONTRACT, THE LICENSOR GRANTS YOU THE RIGHTS CONTAINED HERE IN CONSIDERATION OF YOUR ACCEPTANCE OF SUCH TERMS AND CONDITIONS.","CREATIVE COMMONS CORPORATION IS NOT A LAW FIRM AND DOES NOT PROVIDE LEGAL SERVICES.
        DISTRIBUTION OF THIS LICENSE DOES NOT CREATE AN ATTORNEY-CLIENT RELATIONSHIP. CREATIVE COMMONS PROVIDES THIS INFORMATION ON AN ""AS-IS"" BASIS. CREATIVE COMMONS MAKES NO WARRANTIES REGARDING THE INFORMATION PROVIDED, AND DISCLAIMS LIABILITY FOR DAMAGES RESULTING FROM ITS USE.\n\nTHE WORK (AS DEFINED BELOW) IS PROVIDED UNDER THE TERMS OF THIS CREATIVE COMMONS PUBLIC LICENSE (""CCPL"" OR ""LICENSE"").
        THE WORK IS PROTECTED BY COPYRIGHT AND/OR OTHER APPLICABLE LAW. ANY USE OF THE WORK OTHER THAN AS AUTHORIZED UNDER THIS LICENSE OR COPYRIGHT LAW IS PROHIBITED.
        BY EXERCISING ANY RIGHTS TO THE WORK PROVIDED HERE, YOU ACCEPT AND AGREE TO BE BOUND BY THE TERMS OF THIS LICENSE. TO THE EXTENT THIS LICENSE MAY BE CONSIDERED TO BE A CONTRACT, THE LICENSOR GRANTS YOU THE RIGHTS CONTAINED HERE IN CONSIDERATION OF YOUR ACCEPTANCE OF SUCH TERMS AND CONDITIONS.",YES
sothree_license,German,values-de,Android Sliding Up Panel,Android Sliding Up Panel,YES
sothree_license_text,German,values-de,"Copyright 2015 Anton Lopyrev\n\nLicensed under the Apache License, Version 2.0 (the ""License"");you may not use this file except in compliance with the License.You may obtain a copy of the License at
    \n\nhttp://www.apache.org/licenses/LICENSE-2.0\n\n   Unless required by applicable law or agreed to in writing, softwaredistributed under the License is distributed on an ""AS IS"" BASIS, WITHOUT WARRANTIES OR CONDITIONS OF ANY KIND, either express or implied.See the License for the specific language governing permissions andlimitations under the License.","Copyright 2015 Anton Lopyrev\n\nLicensed under the Apache License, Version 2.0 (the ""License"");you may not use this file except in compliance with the License.You may obtain a copy of the License at
    \n\nhttp://www.apache.org/licenses/LICENSE-2.0\n\n   Unless required by applicable law or agreed to in writing, softwaredistributed under the License is distributed on an ""AS IS"" BASIS, WITHOUT WARRANTIES OR CONDITIONS OF ANY KIND, either express or implied.See the License for the specific language governing permissions andlimitations under the License.",YES
flashcards_level,German,values-de,Level,Level,YES
flashcards_pro_level_0_5,German,values-de,Level 0:,Level 0:,YES
flashcards_pro_level_5_10,German,values-de,Level 5:,Level 5:,YES
flashcards_pro_level_10_15,German,values-de,Level 10:,Level 10:,YES
progress_text_placeholder,German,values-de,50/500,50/500,YES
level_0_4,German,values-de,Level 0,Level 0,YES
level_5_9,German,values-de,Level 5,Level 5,YES
level_10_14,German,values-de,Level 10,Level 10,YES
block,German,values-de,Block,Block,YES
level_15_19,German,values-de,Level 15,Level 15,YES
phase_stp,German,values-de,Phase (STP),Phase (STP),YES
level_20_24,German,values-de,Level 20,Level 20,YES
level_25_29,German,values-de,Level 25,Level 25,YES
level_30_34,German,values-de,Level 30,Level 30,YES
level_range_format,German,values-de,Level %1$d,Level %1$d,YES
pro_plus_badge,German,values-de,PRO+,PRO+,YES
lives_count_placeholder,German,values-de,5,5,YES
level_stat_placeholder,German,values-de,---,---,YES
completed_quizzes_stat_placeholder,German,values-de,---,---,YES
credits_giancarlo,German,values-de,Giancarlo Mérida,Giancarlo Mérida,YES
credits_electro_boy,German,values-de,ElectroBoy10,ElectroBoy10,YES
get_pro_short,German,values-de,PRO,PRO,YES
achievement_reached_prefix,German,values-de,Achievement reached: ,Achievement reached: ,YES
additional_data_item,German,values-de,- Additional Data:,- Additional Data:,YES
additional_flashcards_games,German,values-de,Additional Flashcards games:,Additional Flashcards games:,YES
additional_properties_requires_pro,German,values-de,Additional properties requires PRO-version. Get PRO to unlock more data and tables:,Additional properties requires PRO-version. Get PRO to unlock more data and tables:,YES
additional_tables_item,German,values-de,- Additional Tables:,- Additional Tables:,YES
all_core_features,German,values-de,All Core Features,All Core Features,YES
and_more_item,German,values-de,- And more,- And more,YES
appearance_colon,German,values-de,Appearance:,Appearance:,YES
atomic_mass_colon,German,values-de,Atomic Mass:,Atomic Mass:,YES
atomic_number_label,German,values-de,Atomic Number:,Atomic Number:,YES
atomic_radius_calculated_colon,German,values-de,Atomic Radius (Calculated):,Atomic Radius (Calculated):,YES
atomic_radius_empirical_colon,German,values-de,Atomic Radius (Empirical):,Atomic Radius (Empirical):,YES
atomic_weight_relative_atomic_mass,German,values-de,Atomic Weight (Relative Atomic Mass):,Atomic Weight (Relative Atomic Mass):,YES
balance_equation,German,values-de,Balance equation:,Balance equation:,YES
balance_equation_colon,German,values-de,Balance equation:,Balance equation:,YES
block_colon,German,values-de,Block:,Block:,YES
boiling_point_colon,German,values-de,Boiling Point:,Boiling Point:,YES
brinell_hardness_colon,German,values-de,Brinell hardness:,Brinell hardness:,YES
calculations,German,values-de,Calculations,Calculations,YES
calculations_stat,German,values-de,Calculations,Calculations,YES
card_order,German,values-de,Card Order,Card Order,YES
color_label,German,values-de,Color: ,Color: ,YES
constants_table_label,German,values-de,Constants Table:,Constants Table:,YES
correct,German,values-de,Correct,Correct,YES
correct_answer,German,values-de,Correct answer: %s,Correct answer: %s,YES
cristal_structure_label,German,values-de,Cristal Structure: ,Cristal Structure: ,YES
currently_no_favorites,German,values-de,Currently no favorites,Currently no favorites,YES
density_colon,German,values-de,Density:,Density:,YES
density_label,German,values-de,Density: ,Density: ,YES
electron_shell_colon,German,values-de,Electron Shell:,Electron Shell:,YES
electronegativity_colon,German,values-de,Electronegativity:,Electronegativity:,YES
elements_included_will_be_shown_here,German,values-de,Elements included will be shown here,Elements included will be shown here,YES
elements_opened,German,values-de,Elements opened,Elements opened,YES
emission_spectrum_colon,German,values-de,Emission Spectrum:,Emission Spectrum:,YES
enable_zoom_in_tables,German,values-de,Enable Zoom in tables,Enable Zoom in tables,YES
experimental,German,values-de,Experimental,Experimental,YES
favorites_colon,German,values-de,Favorites:,Favorites:,YES
fifty_lives_in_flashcards,German,values-de,50 lives in Flashcards:,50 lives in Flashcards:,YES
finished_game_xp,German,values-de,Finished Game: +%dxp,Finished Game: +%dxp,YES
formula_will_be_displayed_here,German,values-de,Formula will be displayed here,Formula will be displayed here,YES
fusion_heat_colon,German,values-de,Fusion heat:,Fusion heat:,YES
game_results,German,values-de,Game Results,Game Results,YES
get_pro_button,German,values-de,Get PRO,Get PRO,YES
get_pro_plus_button,German,values-de,Get PRO+,Get PRO+,YES
go_online_for_emission_lines,German,values-de,Go online for emission lines,Go online for emission lines,YES
go_pro_more_features,German,values-de,Go Pro - more features,Go Pro - more features,YES
go_pro_school_start_sale,German,values-de,GO PRO - SCHOOL START SALE,GO PRO - SCHOOL START SALE,YES
group_label,German,values-de,Group: ,Group: ,YES
hardness_label,German,values-de,Hardness: ,Hardness: ,YES
isotopes_table_description,German,values-de,"A table with isotopes for different elements as well as half-time, mass, proton, neutron and nucleons data.","A table with isotopes for different elements as well as half-time, mass, proton, neutron and nucleons data.",YES
level_x_y,German,values-de,Level X-Y,Level X-Y,YES
lives_label,German,values-de,Lives: %s,Lives: %s,YES
lives_lost_detail,German,values-de,Lives lost: %1$d (%2$d per wrong/timeout answer),Lives lost: %1$d (%2$d per wrong/timeout answer),YES
lives_unlimited,German,values-de,Lives: ∞,Lives: ∞,YES
magnetism_label,German,values-de,Magnetism: ,Magnetism: ,YES
melting_point_colon,German,values-de,Melting Point:,Melting Point:,YES
most_advanced,German,values-de,Most advanced,Most advanced,YES
new_label,German,values-de,NEW,NEW,YES
next_life_in,German,values-de,Next life in %1$d minutes and %2$d seconds.\nYou will gain %3$d life%4$s.,Next life in %1$d minutes and %2$d seconds.\nYou will gain %3$d life%4$s.,YES
no_image,German,values-de,No Image,No Image,YES
non_pro,German,values-de,NON-PRO,NON-PRO,YES
option_placeholder,German,values-de,Option %d,Option %d,YES
out_of_lives_hours,German,values-de,"Out of lives! More lives in %1$d hours, %2$d minutes and %3$d seconds.","Out of lives! More lives in %1$d hours, %2$d minutes and %3$d seconds.",YES
out_of_lives_minutes,German,values-de,Out of lives! More lives in %1$d minutes and %2$d seconds.,Out of lives! More lives in %1$d minutes and %2$d seconds.,YES
perfect_all_correct_xp,German,values-de,Perfect (All Correct): +%dxp,Perfect (All Correct): +%dxp,YES
phase_stp_colon,German,values-de,Phase (STP):,Phase (STP):,YES
pro_plus_rewards,German,values-de,PRO+ Rewards: %s,PRO+ Rewards: %s,YES
pro_plus_user,German,values-de,PRO+ USER,PRO+ USER,YES
pro_plus_version,German,values-de,PRO+ Version,PRO+ Version,YES
pro_user,German,values-de,PRO USER,PRO USER,YES
pro_version,German,values-de,PRO Version,PRO Version,YES
progress_xp,German,values-de,%1$d/%2$d,%1$d/%2$d,YES
question_text,German,values-de,Question text,Question text,YES
questions_correct_xp,German,values-de,Questions Correct: +%dxp,Questions Correct: +%dxp,YES
rate,German,values-de,Rate,Rate,YES
rate_app,German,values-de,Rate App,Rate App,YES
rate_app_description,German,values-de,"Let us know what you think of the app, by rating it on the Play Store!","Let us know what you think of the app, by rating it on the Play Store!",YES
reaction_balancer,German,values-de,Reaction Balancer:,Reaction Balancer:,YES
score_summary,German,values-de,Score: %1$d/%2$d,Score: %1$d/%2$d,YES
searches,German,values-de,Searches,Searches,YES
solubility_table,German,values-de,Solubility Table,Solubility Table,YES
specific_heat_capacity_colon,German,values-de,Specific Heat Capacity:,Specific Heat Capacity:,YES
streak_label,German,values-de,Streak: ,Streak: ,YES
time_up,German,values-de,Time\'s Up,Time\'s Up,YES
tools,German,values-de,Tools,Tools,YES
total_xp_stat,German,values-de,Total XP: %d,Total XP: %d,YES
type_label,German,values-de,Type: ,Type: ,YES
unit_conversion_format,German,values-de,%1$s %2$s → %3$s %4$s (%5$s),%1$s %2$s → %3$s %4$s (%5$s),YES
unlock_advanced_data_and_additional_flashcards,German,values-de,Unlock advanced data and additional flashcards.,Unlock advanced data and additional flashcards.,YES
unlock_advanced_data_and_extra_atomic_content,German,values-de,Unlock advanced data and extra Atomic content.,Unlock advanced data and extra Atomic content.,YES
usage_statistics,German,values-de,Usage Statistics,Usage Statistics,YES
vaporization_heat_colon,German,values-de,Vaporization Heat:,Vaporization Heat:,YES
wrong,German,values-de,Wrong,Wrong,YES
xp_bonus,German,values-de,+%d%% bonus xp,+%d%% bonus xp,YES
you_have_full_lives,German,values-de,You have full lives!,You have full lives!,YES
your_answer,German,values-de,Your answer: %s,Your answer: %s,YES
blog,Spanish (Argentina),values-es-rAR,Blog,Blog,YES
pro_price_discount,Spanish (Argentina),values-es-rAR,pro_price_discount,pro_price_discount,YES
favorite_settings_general,Spanish (Argentina),values-es-rAR,General,General,YES
favorite_settings_nuclear,Spanish (Argentina),values-es-rAR,Nuclear,Nuclear,YES
kelvin,Spanish (Argentina),values-es-rAR,Kelvin,Kelvin,YES
celsius,Spanish (Argentina),values-es-rAR,Celsius,Celsius,YES
fahrenheit,Spanish (Argentina),values-es-rAR,Fahrenheit,Fahrenheit,YES
git_title,Spanish (Argentina),values-es-rAR,Github,Github,YES
wikipedia_license,Spanish (Argentina),values-es-rAR,Wikipedia Commons,Wikipedia Commons,YES
sothree_license,Spanish (Argentina),values-es-rAR,Android Sliding Up Panel,Android Sliding Up Panel,YES
progress_text_placeholder,Spanish (Argentina),values-es-rAR,50/500,50/500,YES
pro_plus_badge,Spanish (Argentina),values-es-rAR,PRO+,PRO+,YES
lives_count_placeholder,Spanish (Argentina),values-es-rAR,5,5,YES
level_stat_placeholder,Spanish (Argentina),values-es-rAR,---,---,YES
completed_quizzes_stat_placeholder,Spanish (Argentina),values-es-rAR,---,---,YES
credits_giancarlo,Spanish (Argentina),values-es-rAR,Giancarlo Mérida,Giancarlo Mérida,YES
credits_electro_boy,Spanish (Argentina),values-es-rAR,ElectroBoy10,ElectroBoy10,YES
get_pro_short,Spanish (Argentina),values-es-rAR,PRO,PRO,YES
achievement_reached_prefix,Spanish (Argentina),values-es-rAR,Achievement reached: ,Achievement reached: ,YES
additional_data_item,Spanish (Argentina),values-es-rAR,- Additional Data:,- Additional Data:,YES
additional_flashcards_games,Spanish (Argentina),values-es-rAR,Additional Flashcards games:,Additional Flashcards games:,YES
additional_properties_requires_pro,Spanish (Argentina),values-es-rAR,Additional properties requires PRO-version. Get PRO to unlock more data and tables:,Additional properties requires PRO-version. Get PRO to unlock more data and tables:,YES
additional_tables_item,Spanish (Argentina),values-es-rAR,- Additional Tables:,- Additional Tables:,YES
all_core_features,Spanish (Argentina),values-es-rAR,All Core Features,All Core Features,YES
and_more_item,Spanish (Argentina),values-es-rAR,- And more,- And more,YES
appearance_colon,Spanish (Argentina),values-es-rAR,Appearance:,Appearance:,YES
atomic_mass_colon,Spanish (Argentina),values-es-rAR,Atomic Mass:,Atomic Mass:,YES
atomic_number_label,Spanish (Argentina),values-es-rAR,Atomic Number:,Atomic Number:,YES
atomic_radius_calculated_colon,Spanish (Argentina),values-es-rAR,Atomic Radius (Calculated):,Atomic Radius (Calculated):,YES
atomic_radius_empirical_colon,Spanish (Argentina),values-es-rAR,Atomic Radius (Empirical):,Atomic Radius (Empirical):,YES
atomic_weight_relative_atomic_mass,Spanish (Argentina),values-es-rAR,Atomic Weight (Relative Atomic Mass):,Atomic Weight (Relative Atomic Mass):,YES
balance_equation,Spanish (Argentina),values-es-rAR,Balance equation:,Balance equation:,YES
balance_equation_colon,Spanish (Argentina),values-es-rAR,Balance equation:,Balance equation:,YES
block_colon,Spanish (Argentina),values-es-rAR,Block:,Block:,YES
boiling_point_colon,Spanish (Argentina),values-es-rAR,Boiling Point:,Boiling Point:,YES
brinell_hardness_colon,Spanish (Argentina),values-es-rAR,Brinell hardness:,Brinell hardness:,YES
calculations,Spanish (Argentina),values-es-rAR,Calculations,Calculations,YES
calculations_stat,Spanish (Argentina),values-es-rAR,Calculations,Calculations,YES
card_order,Spanish (Argentina),values-es-rAR,Card Order,Card Order,YES
color_label,Spanish (Argentina),values-es-rAR,Color: ,Color: ,YES
constants_table_label,Spanish (Argentina),values-es-rAR,Constants Table:,Constants Table:,YES
correct,Spanish (Argentina),values-es-rAR,Correct,Correct,YES
correct_answer,Spanish (Argentina),values-es-rAR,Correct answer: %s,Correct answer: %s,YES
cristal_structure_label,Spanish (Argentina),values-es-rAR,Cristal Structure: ,Cristal Structure: ,YES
currently_no_favorites,Spanish (Argentina),values-es-rAR,Currently no favorites,Currently no favorites,YES
density_colon,Spanish (Argentina),values-es-rAR,Density:,Density:,YES
density_label,Spanish (Argentina),values-es-rAR,Density: ,Density: ,YES
electron_shell_colon,Spanish (Argentina),values-es-rAR,Electron Shell:,Electron Shell:,YES
electronegativity_colon,Spanish (Argentina),values-es-rAR,Electronegativity:,Electronegativity:,YES
elements_included_will_be_shown_here,Spanish (Argentina),values-es-rAR,Elements included will be shown here,Elements included will be shown here,YES
elements_opened,Spanish (Argentina),values-es-rAR,Elements opened,Elements opened,YES
emission_spectrum_colon,Spanish (Argentina),values-es-rAR,Emission Spectrum:,Emission Spectrum:,YES
enable_zoom_in_tables,Spanish (Argentina),values-es-rAR,Enable Zoom in tables,Enable Zoom in tables,YES
experimental,Spanish (Argentina),values-es-rAR,Experimental,Experimental,YES
favorites_colon,Spanish (Argentina),values-es-rAR,Favorites:,Favorites:,YES
fifty_lives_in_flashcards,Spanish (Argentina),values-es-rAR,50 lives in Flashcards:,50 lives in Flashcards:,YES
finished_game_xp,Spanish (Argentina),values-es-rAR,Finished Game: +%dxp,Finished Game: +%dxp,YES
formula_will_be_displayed_here,Spanish (Argentina),values-es-rAR,Formula will be displayed here,Formula will be displayed here,YES
fusion_heat_colon,Spanish (Argentina),values-es-rAR,Fusion heat:,Fusion heat:,YES
game_results,Spanish (Argentina),values-es-rAR,Game Results,Game Results,YES
get_pro_button,Spanish (Argentina),values-es-rAR,Get PRO,Get PRO,YES
get_pro_plus_button,Spanish (Argentina),values-es-rAR,Get PRO+,Get PRO+,YES
go_online_for_emission_lines,Spanish (Argentina),values-es-rAR,Go online for emission lines,Go online for emission lines,YES
go_pro_more_features,Spanish (Argentina),values-es-rAR,Go Pro - more features,Go Pro - more features,YES
go_pro_school_start_sale,Spanish (Argentina),values-es-rAR,GO PRO - SCHOOL START SALE,GO PRO - SCHOOL START SALE,YES
group_label,Spanish (Argentina),values-es-rAR,Group: ,Group: ,YES
hardness_label,Spanish (Argentina),values-es-rAR,Hardness: ,Hardness: ,YES
isotopes_table_description,Spanish (Argentina),values-es-rAR,"A table with isotopes for different elements as well as half-time, mass, proton, neutron and nucleons data.","A table with isotopes for different elements as well as half-time, mass, proton, neutron and nucleons data.",YES
level_x_y,Spanish (Argentina),values-es-rAR,Level X-Y,Level X-Y,YES
lives_label,Spanish (Argentina),values-es-rAR,Lives: %s,Lives: %s,YES
lives_lost_detail,Spanish (Argentina),values-es-rAR,Lives lost: %1$d (%2$d per wrong/timeout answer),Lives lost: %1$d (%2$d per wrong/timeout answer),YES
lives_unlimited,Spanish (Argentina),values-es-rAR,Lives: ∞,Lives: ∞,YES
magnetism_label,Spanish (Argentina),values-es-rAR,Magnetism: ,Magnetism: ,YES
melting_point_colon,Spanish (Argentina),values-es-rAR,Melting Point:,Melting Point:,YES
most_advanced,Spanish (Argentina),values-es-rAR,Most advanced,Most advanced,YES
new_label,Spanish (Argentina),values-es-rAR,NEW,NEW,YES
next_life_in,Spanish (Argentina),values-es-rAR,Next life in %1$d minutes and %2$d seconds.\nYou will gain %3$d life%4$s.,Next life in %1$d minutes and %2$d seconds.\nYou will gain %3$d life%4$s.,YES
no_image,Spanish (Argentina),values-es-rAR,No Image,No Image,YES
non_pro,Spanish (Argentina),values-es-rAR,NON-PRO,NON-PRO,YES
option_placeholder,Spanish (Argentina),values-es-rAR,Option %d,Option %d,YES
out_of_lives_hours,Spanish (Argentina),values-es-rAR,"Out of lives! More lives in %1$d hours, %2$d minutes and %3$d seconds.","Out of lives! More lives in %1$d hours, %2$d minutes and %3$d seconds.",YES
out_of_lives_minutes,Spanish (Argentina),values-es-rAR,Out of lives! More lives in %1$d minutes and %2$d seconds.,Out of lives! More lives in %1$d minutes and %2$d seconds.,YES
perfect_all_correct_xp,Spanish (Argentina),values-es-rAR,Perfect (All Correct): +%dxp,Perfect (All Correct): +%dxp,YES
phase_stp_colon,Spanish (Argentina),values-es-rAR,Phase (STP):,Phase (STP):,YES
pro_plus_rewards,Spanish (Argentina),values-es-rAR,PRO+ Rewards: %s,PRO+ Rewards: %s,YES
pro_plus_user,Spanish (Argentina),values-es-rAR,PRO+ USER,PRO+ USER,YES
pro_plus_version,Spanish (Argentina),values-es-rAR,PRO+ Version,PRO+ Version,YES
pro_user,Spanish (Argentina),values-es-rAR,PRO USER,PRO USER,YES
pro_version,Spanish (Argentina),values-es-rAR,PRO Version,PRO Version,YES
progress_xp,Spanish (Argentina),values-es-rAR,%1$d/%2$d,%1$d/%2$d,YES
question_text,Spanish (Argentina),values-es-rAR,Question text,Question text,YES
questions_correct_xp,Spanish (Argentina),values-es-rAR,Questions Correct: +%dxp,Questions Correct: +%dxp,YES
rate,Spanish (Argentina),values-es-rAR,Rate,Rate,YES
rate_app,Spanish (Argentina),values-es-rAR,Rate App,Rate App,YES
rate_app_description,Spanish (Argentina),values-es-rAR,"Let us know what you think of the app, by rating it on the Play Store!","Let us know what you think of the app, by rating it on the Play Store!",YES
reaction_balancer,Spanish (Argentina),values-es-rAR,Reaction Balancer:,Reaction Balancer:,YES
score_summary,Spanish (Argentina),values-es-rAR,Score: %1$d/%2$d,Score: %1$d/%2$d,YES
searches,Spanish (Argentina),values-es-rAR,Searches,Searches,YES
solubility_table,Spanish (Argentina),values-es-rAR,Solubility Table,Solubility Table,YES
specific_heat_capacity_colon,Spanish (Argentina),values-es-rAR,Specific Heat Capacity:,Specific Heat Capacity:,YES
streak_label,Spanish (Argentina),values-es-rAR,Streak: ,Streak: ,YES
time_up,Spanish (Argentina),values-es-rAR,Time\'s Up,Time\'s Up,YES
tools,Spanish (Argentina),values-es-rAR,Tools,Tools,YES
total_xp_stat,Spanish (Argentina),values-es-rAR,Total XP: %d,Total XP: %d,YES
type_label,Spanish (Argentina),values-es-rAR,Type: ,Type: ,YES
unit_conversion_format,Spanish (Argentina),values-es-rAR,%1$s %2$s → %3$s %4$s (%5$s),%1$s %2$s → %3$s %4$s (%5$s),YES
unlock_advanced_data_and_additional_flashcards,Spanish (Argentina),values-es-rAR,Unlock advanced data and additional flashcards.,Unlock advanced data and additional flashcards.,YES
unlock_advanced_data_and_extra_atomic_content,Spanish (Argentina),values-es-rAR,Unlock advanced data and extra Atomic content.,Unlock advanced data and extra Atomic content.,YES
usage_statistics,Spanish (Argentina),values-es-rAR,Usage Statistics,Usage Statistics,YES
vaporization_heat_colon,Spanish (Argentina),values-es-rAR,Vaporization Heat:,Vaporization Heat:,YES
wrong,Spanish (Argentina),values-es-rAR,Wrong,Wrong,YES
xp_bonus,Spanish (Argentina),values-es-rAR,+%d%% bonus xp,+%d%% bonus xp,YES
you_have_full_lives,Spanish (Argentina),values-es-rAR,You have full lives!,You have full lives!,YES
your_answer,Spanish (Argentina),values-es-rAR,Your answer: %s,Your answer: %s,YES
blog,Spanish (Spain),values-es-rES,Blog,Blog,YES
pro_price_discount,Spanish (Spain),values-es-rES,pro_price_discount,pro_price_discount,YES
favorite_settings_general,Spanish (Spain),values-es-rES,General,General,YES
favorite_settings_nuclear,Spanish (Spain),values-es-rES,Nuclear,Nuclear,YES
kelvin,Spanish (Spain),values-es-rES,Kelvin,Kelvin,YES
celsius,Spanish (Spain),values-es-rES,Celsius,Celsius,YES
fahrenheit,Spanish (Spain),values-es-rES,Fahrenheit,Fahrenheit,YES
git_title,Spanish (Spain),values-es-rES,Github,Github,YES
wikipedia_license,Spanish (Spain),values-es-rES,Wikipedia Commons,Wikipedia Commons,YES
sothree_license,Spanish (Spain),values-es-rES,Android Sliding Up Panel,Android Sliding Up Panel,YES
progress_text_placeholder,Spanish (Spain),values-es-rES,50/500,50/500,YES
pro_plus_badge,Spanish (Spain),values-es-rES,PRO+,PRO+,YES
lives_count_placeholder,Spanish (Spain),values-es-rES,5,5,YES
level_stat_placeholder,Spanish (Spain),values-es-rES,---,---,YES
completed_quizzes_stat_placeholder,Spanish (Spain),values-es-rES,---,---,YES
credits_giancarlo,Spanish (Spain),values-es-rES,Giancarlo Mérida,Giancarlo Mérida,YES
credits_electro_boy,Spanish (Spain),values-es-rES,ElectroBoy10,ElectroBoy10,YES
get_pro_short,Spanish (Spain),values-es-rES,PRO,PRO,YES
achievement_reached_prefix,Spanish (Spain),values-es-rES,Achievement reached: ,Achievement reached: ,YES
additional_data_item,Spanish (Spain),values-es-rES,- Additional Data:,- Additional Data:,YES
additional_flashcards_games,Spanish (Spain),values-es-rES,Additional Flashcards games:,Additional Flashcards games:,YES
additional_properties_requires_pro,Spanish (Spain),values-es-rES,Additional properties requires PRO-version. Get PRO to unlock more data and tables:,Additional properties requires PRO-version. Get PRO to unlock more data and tables:,YES
additional_tables_item,Spanish (Spain),values-es-rES,- Additional Tables:,- Additional Tables:,YES
all_core_features,Spanish (Spain),values-es-rES,All Core Features,All Core Features,YES
and_more_item,Spanish (Spain),values-es-rES,- And more,- And more,YES
appearance_colon,Spanish (Spain),values-es-rES,Appearance:,Appearance:,YES
atomic_mass_colon,Spanish (Spain),values-es-rES,Atomic Mass:,Atomic Mass:,YES
atomic_number_label,Spanish (Spain),values-es-rES,Atomic Number:,Atomic Number:,YES
atomic_radius_calculated_colon,Spanish (Spain),values-es-rES,Atomic Radius (Calculated):,Atomic Radius (Calculated):,YES
atomic_radius_empirical_colon,Spanish (Spain),values-es-rES,Atomic Radius (Empirical):,Atomic Radius (Empirical):,YES
atomic_weight_relative_atomic_mass,Spanish (Spain),values-es-rES,Atomic Weight (Relative Atomic Mass):,Atomic Weight (Relative Atomic Mass):,YES
balance_equation,Spanish (Spain),values-es-rES,Balance equation:,Balance equation:,YES
balance_equation_colon,Spanish (Spain),values-es-rES,Balance equation:,Balance equation:,YES
block_colon,Spanish (Spain),values-es-rES,Block:,Block:,YES
boiling_point_colon,Spanish (Spain),values-es-rES,Boiling Point:,Boiling Point:,YES
brinell_hardness_colon,Spanish (Spain),values-es-rES,Brinell hardness:,Brinell hardness:,YES
calculations,Spanish (Spain),values-es-rES,Calculations,Calculations,YES
calculations_stat,Spanish (Spain),values-es-rES,Calculations,Calculations,YES
card_order,Spanish (Spain),values-es-rES,Card Order,Card Order,YES
color_label,Spanish (Spain),values-es-rES,Color: ,Color: ,YES
constants_table_label,Spanish (Spain),values-es-rES,Constants Table:,Constants Table:,YES
correct,Spanish (Spain),values-es-rES,Correct,Correct,YES
correct_answer,Spanish (Spain),values-es-rES,Correct answer: %s,Correct answer: %s,YES
cristal_structure_label,Spanish (Spain),values-es-rES,Cristal Structure: ,Cristal Structure: ,YES
currently_no_favorites,Spanish (Spain),values-es-rES,Currently no favorites,Currently no favorites,YES
density_colon,Spanish (Spain),values-es-rES,Density:,Density:,YES
density_label,Spanish (Spain),values-es-rES,Density: ,Density: ,YES
electron_shell_colon,Spanish (Spain),values-es-rES,Electron Shell:,Electron Shell:,YES
electronegativity_colon,Spanish (Spain),values-es-rES,Electronegativity:,Electronegativity:,YES
elements_included_will_be_shown_here,Spanish (Spain),values-es-rES,Elements included will be shown here,Elements included will be shown here,YES
elements_opened,Spanish (Spain),values-es-rES,Elements opened,Elements opened,YES
emission_spectrum_colon,Spanish (Spain),values-es-rES,Emission Spectrum:,Emission Spectrum:,YES
enable_zoom_in_tables,Spanish (Spain),values-es-rES,Enable Zoom in tables,Enable Zoom in tables,YES
experimental,Spanish (Spain),values-es-rES,Experimental,Experimental,YES
favorites_colon,Spanish (Spain),values-es-rES,Favorites:,Favorites:,YES
fifty_lives_in_flashcards,Spanish (Spain),values-es-rES,50 lives in Flashcards:,50 lives in Flashcards:,YES
finished_game_xp,Spanish (Spain),values-es-rES,Finished Game: +%dxp,Finished Game: +%dxp,YES
formula_will_be_displayed_here,Spanish (Spain),values-es-rES,Formula will be displayed here,Formula will be displayed here,YES
fusion_heat_colon,Spanish (Spain),values-es-rES,Fusion heat:,Fusion heat:,YES
game_results,Spanish (Spain),values-es-rES,Game Results,Game Results,YES
get_pro_button,Spanish (Spain),values-es-rES,Get PRO,Get PRO,YES
get_pro_plus_button,Spanish (Spain),values-es-rES,Get PRO+,Get PRO+,YES
go_online_for_emission_lines,Spanish (Spain),values-es-rES,Go online for emission lines,Go online for emission lines,YES
go_pro_more_features,Spanish (Spain),values-es-rES,Go Pro - more features,Go Pro - more features,YES
go_pro_school_start_sale,Spanish (Spain),values-es-rES,GO PRO - SCHOOL START SALE,GO PRO - SCHOOL START SALE,YES
group_label,Spanish (Spain),values-es-rES,Group: ,Group: ,YES
hardness_label,Spanish (Spain),values-es-rES,Hardness: ,Hardness: ,YES
isotopes_table_description,Spanish (Spain),values-es-rES,"A table with isotopes for different elements as well as half-time, mass, proton, neutron and nucleons data.","A table with isotopes for different elements as well as half-time, mass, proton, neutron and nucleons data.",YES
level_x_y,Spanish (Spain),values-es-rES,Level X-Y,Level X-Y,YES
lives_label,Spanish (Spain),values-es-rES,Lives: %s,Lives: %s,YES
lives_lost_detail,Spanish (Spain),values-es-rES,Lives lost: %1$d (%2$d per wrong/timeout answer),Lives lost: %1$d (%2$d per wrong/timeout answer),YES
lives_unlimited,Spanish (Spain),values-es-rES,Lives: ∞,Lives: ∞,YES
magnetism_label,Spanish (Spain),values-es-rES,Magnetism: ,Magnetism: ,YES
melting_point_colon,Spanish (Spain),values-es-rES,Melting Point:,Melting Point:,YES
most_advanced,Spanish (Spain),values-es-rES,Most advanced,Most advanced,YES
new_label,Spanish (Spain),values-es-rES,NEW,NEW,YES
next_life_in,Spanish (Spain),values-es-rES,Next life in %1$d minutes and %2$d seconds.\nYou will gain %3$d life%4$s.,Next life in %1$d minutes and %2$d seconds.\nYou will gain %3$d life%4$s.,YES
no_image,Spanish (Spain),values-es-rES,No Image,No Image,YES
non_pro,Spanish (Spain),values-es-rES,NON-PRO,NON-PRO,YES
option_placeholder,Spanish (Spain),values-es-rES,Option %d,Option %d,YES
out_of_lives_hours,Spanish (Spain),values-es-rES,"Out of lives! More lives in %1$d hours, %2$d minutes and %3$d seconds.","Out of lives! More lives in %1$d hours, %2$d minutes and %3$d seconds.",YES
out_of_lives_minutes,Spanish (Spain),values-es-rES,Out of lives! More lives in %1$d minutes and %2$d seconds.,Out of lives! More lives in %1$d minutes and %2$d seconds.,YES
perfect_all_correct_xp,Spanish (Spain),values-es-rES,Perfect (All Correct): +%dxp,Perfect (All Correct): +%dxp,YES
phase_stp_colon,Spanish (Spain),values-es-rES,Phase (STP):,Phase (STP):,YES
pro_plus_rewards,Spanish (Spain),values-es-rES,PRO+ Rewards: %s,PRO+ Rewards: %s,YES
pro_plus_user,Spanish (Spain),values-es-rES,PRO+ USER,PRO+ USER,YES
pro_plus_version,Spanish (Spain),values-es-rES,PRO+ Version,PRO+ Version,YES
pro_user,Spanish (Spain),values-es-rES,PRO USER,PRO USER,YES
pro_version,Spanish (Spain),values-es-rES,PRO Version,PRO Version,YES
progress_xp,Spanish (Spain),values-es-rES,%1$d/%2$d,%1$d/%2$d,YES
question_text,Spanish (Spain),values-es-rES,Question text,Question text,YES
questions_correct_xp,Spanish (Spain),values-es-rES,Questions Correct: +%dxp,Questions Correct: +%dxp,YES
rate,Spanish (Spain),values-es-rES,Rate,Rate,YES
rate_app,Spanish (Spain),values-es-rES,Rate App,Rate App,YES
rate_app_description,Spanish (Spain),values-es-rES,"Let us know what you think of the app, by rating it on the Play Store!","Let us know what you think of the app, by rating it on the Play Store!",YES
reaction_balancer,Spanish (Spain),values-es-rES,Reaction Balancer:,Reaction Balancer:,YES
score_summary,Spanish (Spain),values-es-rES,Score: %1$d/%2$d,Score: %1$d/%2$d,YES
searches,Spanish (Spain),values-es-rES,Searches,Searches,YES
solubility_table,Spanish (Spain),values-es-rES,Solubility Table,Solubility Table,YES
specific_heat_capacity_colon,Spanish (Spain),values-es-rES,Specific Heat Capacity:,Specific Heat Capacity:,YES
streak_label,Spanish (Spain),values-es-rES,Streak: ,Streak: ,YES
time_up,Spanish (Spain),values-es-rES,Time\'s Up,Time\'s Up,YES
tools,Spanish (Spain),values-es-rES,Tools,Tools,YES
total_xp_stat,Spanish (Spain),values-es-rES,Total XP: %d,Total XP: %d,YES
type_label,Spanish (Spain),values-es-rES,Type: ,Type: ,YES
unit_conversion_format,Spanish (Spain),values-es-rES,%1$s %2$s → %3$s %4$s (%5$s),%1$s %2$s → %3$s %4$s (%5$s),YES
unlock_advanced_data_and_additional_flashcards,Spanish (Spain),values-es-rES,Unlock advanced data and additional flashcards.,Unlock advanced data and additional flashcards.,YES
unlock_advanced_data_and_extra_atomic_content,Spanish (Spain),values-es-rES,Unlock advanced data and extra Atomic content.,Unlock advanced data and extra Atomic content.,YES
usage_statistics,Spanish (Spain),values-es-rES,Usage Statistics,Usage Statistics,YES
vaporization_heat_colon,Spanish (Spain),values-es-rES,Vaporization Heat:,Vaporization Heat:,YES
wrong,Spanish (Spain),values-es-rES,Wrong,Wrong,YES
xp_bonus,Spanish (Spain),values-es-rES,+%d%% bonus xp,+%d%% bonus xp,YES
you_have_full_lives,Spanish (Spain),values-es-rES,You have full lives!,You have full lives!,YES
your_answer,Spanish (Spain),values-es-rES,Your answer: %s,Your answer: %s,YES
blog,Spanish (Mexico),values-es-rMX,Blog,Blog,YES
pro_price_discount,Spanish (Mexico),values-es-rMX,pro_price_discount,pro_price_discount,YES
favorite_settings_general,Spanish (Mexico),values-es-rMX,General,General,YES
favorite_settings_nuclear,Spanish (Mexico),values-es-rMX,Nuclear,Nuclear,YES
kelvin,Spanish (Mexico),values-es-rMX,Kelvin,Kelvin,YES
celsius,Spanish (Mexico),values-es-rMX,Celsius,Celsius,YES
fahrenheit,Spanish (Mexico),values-es-rMX,Fahrenheit,Fahrenheit,YES
git_title,Spanish (Mexico),values-es-rMX,Github,Github,YES
wikipedia_license,Spanish (Mexico),values-es-rMX,Wikipedia Commons,Wikipedia Commons,YES
sothree_license,Spanish (Mexico),values-es-rMX,Android Sliding Up Panel,Android Sliding Up Panel,YES
progress_text_placeholder,Spanish (Mexico),values-es-rMX,50/500,50/500,YES
pro_plus_badge,Spanish (Mexico),values-es-rMX,PRO+,PRO+,YES
lives_count_placeholder,Spanish (Mexico),values-es-rMX,5,5,YES
level_stat_placeholder,Spanish (Mexico),values-es-rMX,---,---,YES
completed_quizzes_stat_placeholder,Spanish (Mexico),values-es-rMX,---,---,YES
credits_giancarlo,Spanish (Mexico),values-es-rMX,Giancarlo Mérida,Giancarlo Mérida,YES
credits_electro_boy,Spanish (Mexico),values-es-rMX,ElectroBoy10,ElectroBoy10,YES
get_pro_short,Spanish (Mexico),values-es-rMX,PRO,PRO,YES
achievement_reached_prefix,Spanish (Mexico),values-es-rMX,Achievement reached: ,Achievement reached: ,YES
additional_data_item,Spanish (Mexico),values-es-rMX,- Additional Data:,- Additional Data:,YES
additional_flashcards_games,Spanish (Mexico),values-es-rMX,Additional Flashcards games:,Additional Flashcards games:,YES
additional_properties_requires_pro,Spanish (Mexico),values-es-rMX,Additional properties requires PRO-version. Get PRO to unlock more data and tables:,Additional properties requires PRO-version. Get PRO to unlock more data and tables:,YES
additional_tables_item,Spanish (Mexico),values-es-rMX,- Additional Tables:,- Additional Tables:,YES
all_core_features,Spanish (Mexico),values-es-rMX,All Core Features,All Core Features,YES
and_more_item,Spanish (Mexico),values-es-rMX,- And more,- And more,YES
appearance_colon,Spanish (Mexico),values-es-rMX,Appearance:,Appearance:,YES
atomic_mass_colon,Spanish (Mexico),values-es-rMX,Atomic Mass:,Atomic Mass:,YES
atomic_number_label,Spanish (Mexico),values-es-rMX,Atomic Number:,Atomic Number:,YES
atomic_radius_calculated_colon,Spanish (Mexico),values-es-rMX,Atomic Radius (Calculated):,Atomic Radius (Calculated):,YES
atomic_radius_empirical_colon,Spanish (Mexico),values-es-rMX,Atomic Radius (Empirical):,Atomic Radius (Empirical):,YES
atomic_weight_relative_atomic_mass,Spanish (Mexico),values-es-rMX,Atomic Weight (Relative Atomic Mass):,Atomic Weight (Relative Atomic Mass):,YES
balance_equation,Spanish (Mexico),values-es-rMX,Balance equation:,Balance equation:,YES
balance_equation_colon,Spanish (Mexico),values-es-rMX,Balance equation:,Balance equation:,YES
block_colon,Spanish (Mexico),values-es-rMX,Block:,Block:,YES
boiling_point_colon,Spanish (Mexico),values-es-rMX,Boiling Point:,Boiling Point:,YES
brinell_hardness_colon,Spanish (Mexico),values-es-rMX,Brinell hardness:,Brinell hardness:,YES
calculations,Spanish (Mexico),values-es-rMX,Calculations,Calculations,YES
calculations_stat,Spanish (Mexico),values-es-rMX,Calculations,Calculations,YES
card_order,Spanish (Mexico),values-es-rMX,Card Order,Card Order,YES
color_label,Spanish (Mexico),values-es-rMX,Color: ,Color: ,YES
constants_table_label,Spanish (Mexico),values-es-rMX,Constants Table:,Constants Table:,YES
correct,Spanish (Mexico),values-es-rMX,Correct,Correct,YES
correct_answer,Spanish (Mexico),values-es-rMX,Correct answer: %s,Correct answer: %s,YES
cristal_structure_label,Spanish (Mexico),values-es-rMX,Cristal Structure: ,Cristal Structure: ,YES
currently_no_favorites,Spanish (Mexico),values-es-rMX,Currently no favorites,Currently no favorites,YES
density_colon,Spanish (Mexico),values-es-rMX,Density:,Density:,YES
density_label,Spanish (Mexico),values-es-rMX,Density: ,Density: ,YES
electron_shell_colon,Spanish (Mexico),values-es-rMX,Electron Shell:,Electron Shell:,YES
electronegativity_colon,Spanish (Mexico),values-es-rMX,Electronegativity:,Electronegativity:,YES
elements_included_will_be_shown_here,Spanish (Mexico),values-es-rMX,Elements included will be shown here,Elements included will be shown here,YES
elements_opened,Spanish (Mexico),values-es-rMX,Elements opened,Elements opened,YES
emission_spectrum_colon,Spanish (Mexico),values-es-rMX,Emission Spectrum:,Emission Spectrum:,YES
enable_zoom_in_tables,Spanish (Mexico),values-es-rMX,Enable Zoom in tables,Enable Zoom in tables,YES
experimental,Spanish (Mexico),values-es-rMX,Experimental,Experimental,YES
favorites_colon,Spanish (Mexico),values-es-rMX,Favorites:,Favorites:,YES
fifty_lives_in_flashcards,Spanish (Mexico),values-es-rMX,50 lives in Flashcards:,50 lives in Flashcards:,YES
finished_game_xp,Spanish (Mexico),values-es-rMX,Finished Game: +%dxp,Finished Game: +%dxp,YES
formula_will_be_displayed_here,Spanish (Mexico),values-es-rMX,Formula will be displayed here,Formula will be displayed here,YES
fusion_heat_colon,Spanish (Mexico),values-es-rMX,Fusion heat:,Fusion heat:,YES
game_results,Spanish (Mexico),values-es-rMX,Game Results,Game Results,YES
get_pro_button,Spanish (Mexico),values-es-rMX,Get PRO,Get PRO,YES
get_pro_plus_button,Spanish (Mexico),values-es-rMX,Get PRO+,Get PRO+,YES
go_online_for_emission_lines,Spanish (Mexico),values-es-rMX,Go online for emission lines,Go online for emission lines,YES
go_pro_more_features,Spanish (Mexico),values-es-rMX,Go Pro - more features,Go Pro - more features,YES
go_pro_school_start_sale,Spanish (Mexico),values-es-rMX,GO PRO - SCHOOL START SALE,GO PRO - SCHOOL START SALE,YES
group_label,Spanish (Mexico),values-es-rMX,Group: ,Group: ,YES
hardness_label,Spanish (Mexico),values-es-rMX,Hardness: ,Hardness: ,YES
isotopes_table_description,Spanish (Mexico),values-es-rMX,"A table with isotopes for different elements as well as half-time, mass, proton, neutron and nucleons data.","A table with isotopes for different elements as well as half-time, mass, proton, neutron and nucleons data.",YES
level_x_y,Spanish (Mexico),values-es-rMX,Level X-Y,Level X-Y,YES
lives_label,Spanish (Mexico),values-es-rMX,Lives: %s,Lives: %s,YES
lives_lost_detail,Spanish (Mexico),values-es-rMX,Lives lost: %1$d (%2$d per wrong/timeout answer),Lives lost: %1$d (%2$d per wrong/timeout answer),YES
lives_unlimited,Spanish (Mexico),values-es-rMX,Lives: ∞,Lives: ∞,YES
magnetism_label,Spanish (Mexico),values-es-rMX,Magnetism: ,Magnetism: ,YES
melting_point_colon,Spanish (Mexico),values-es-rMX,Melting Point:,Melting Point:,YES
most_advanced,Spanish (Mexico),values-es-rMX,Most advanced,Most advanced,YES
new_label,Spanish (Mexico),values-es-rMX,NEW,NEW,YES
next_life_in,Spanish (Mexico),values-es-rMX,Next life in %1$d minutes and %2$d seconds.\nYou will gain %3$d life%4$s.,Next life in %1$d minutes and %2$d seconds.\nYou will gain %3$d life%4$s.,YES
no_image,Spanish (Mexico),values-es-rMX,No Image,No Image,YES
non_pro,Spanish (Mexico),values-es-rMX,NON-PRO,NON-PRO,YES
option_placeholder,Spanish (Mexico),values-es-rMX,Option %d,Option %d,YES
out_of_lives_hours,Spanish (Mexico),values-es-rMX,"Out of lives! More lives in %1$d hours, %2$d minutes and %3$d seconds.","Out of lives! More lives in %1$d hours, %2$d minutes and %3$d seconds.",YES
out_of_lives_minutes,Spanish (Mexico),values-es-rMX,Out of lives! More lives in %1$d minutes and %2$d seconds.,Out of lives! More lives in %1$d minutes and %2$d seconds.,YES
perfect_all_correct_xp,Spanish (Mexico),values-es-rMX,Perfect (All Correct): +%dxp,Perfect (All Correct): +%dxp,YES
phase_stp_colon,Spanish (Mexico),values-es-rMX,Phase (STP):,Phase (STP):,YES
pro_plus_rewards,Spanish (Mexico),values-es-rMX,PRO+ Rewards: %s,PRO+ Rewards: %s,YES
pro_plus_user,Spanish (Mexico),values-es-rMX,PRO+ USER,PRO+ USER,YES
pro_plus_version,Spanish (Mexico),values-es-rMX,PRO+ Version,PRO+ Version,YES
pro_user,Spanish (Mexico),values-es-rMX,PRO USER,PRO USER,YES
pro_version,Spanish (Mexico),values-es-rMX,PRO Version,PRO Version,YES
progress_xp,Spanish (Mexico),values-es-rMX,%1$d/%2$d,%1$d/%2$d,YES
question_text,Spanish (Mexico),values-es-rMX,Question text,Question text,YES
questions_correct_xp,Spanish (Mexico),values-es-rMX,Questions Correct: +%dxp,Questions Correct: +%dxp,YES
rate,Spanish (Mexico),values-es-rMX,Rate,Rate,YES
rate_app,Spanish (Mexico),values-es-rMX,Rate App,Rate App,YES
rate_app_description,Spanish (Mexico),values-es-rMX,"Let us know what you think of the app, by rating it on the Play Store!","Let us know what you think of the app, by rating it on the Play Store!",YES
reaction_balancer,Spanish (Mexico),values-es-rMX,Reaction Balancer:,Reaction Balancer:,YES
score_summary,Spanish (Mexico),values-es-rMX,Score: %1$d/%2$d,Score: %1$d/%2$d,YES
searches,Spanish (Mexico),values-es-rMX,Searches,Searches,YES
solubility_table,Spanish (Mexico),values-es-rMX,Solubility Table,Solubility Table,YES
specific_heat_capacity_colon,Spanish (Mexico),values-es-rMX,Specific Heat Capacity:,Specific Heat Capacity:,YES
streak_label,Spanish (Mexico),values-es-rMX,Streak: ,Streak: ,YES
time_up,Spanish (Mexico),values-es-rMX,Time\'s Up,Time\'s Up,YES
tools,Spanish (Mexico),values-es-rMX,Tools,Tools,YES
total_xp_stat,Spanish (Mexico),values-es-rMX,Total XP: %d,Total XP: %d,YES
type_label,Spanish (Mexico),values-es-rMX,Type: ,Type: ,YES
unit_conversion_format,Spanish (Mexico),values-es-rMX,%1$s %2$s → %3$s %4$s (%5$s),%1$s %2$s → %3$s %4$s (%5$s),YES
unlock_advanced_data_and_additional_flashcards,Spanish (Mexico),values-es-rMX,Unlock advanced data and additional flashcards.,Unlock advanced data and additional flashcards.,YES
unlock_advanced_data_and_extra_atomic_content,Spanish (Mexico),values-es-rMX,Unlock advanced data and extra Atomic content.,Unlock advanced data and extra Atomic content.,YES
usage_statistics,Spanish (Mexico),values-es-rMX,Usage Statistics,Usage Statistics,YES
vaporization_heat_colon,Spanish (Mexico),values-es-rMX,Vaporization Heat:,Vaporization Heat:,YES
wrong,Spanish (Mexico),values-es-rMX,Wrong,Wrong,YES
xp_bonus,Spanish (Mexico),values-es-rMX,+%d%% bonus xp,+%d%% bonus xp,YES
you_have_full_lives,Spanish (Mexico),values-es-rMX,You have full lives!,You have full lives!,YES
your_answer,Spanish (Mexico),values-es-rMX,Your answer: %s,Your answer: %s,YES
app_name,French,values-fr,Atomic,Atomic,YES
blog,French,values-fr,Blog,Blog,YES
pro_price_discount,French,values-fr,pro_price_discount,pro_price_discount,YES
element_description_title,French,values-fr,Description,Description,YES
kelvin,French,values-fr,Kelvin,Kelvin,YES
celsius,French,values-fr,Celsius,Celsius,YES
fahrenheit,French,values-fr,Fahrenheit,Fahrenheit,YES
sources_settings_title,French,values-fr,Sources,Sources,YES
sources_wwe_text,French,values-fr,"Mackenzie L. Davis, (2019). Water and wastewater Engineering: Design Principles and Practise, second edition. ISBN: 978-1-260-13227-4","Mackenzie L. Davis, (2019). Water and wastewater Engineering: Design Principles and Practise, second edition. ISBN: 978-1-260-13227-4",YES
isotopes_title,French,values-fr,Isotopes,Isotopes,YES
clear_cache_text,French,values-fr,cache_size,cache_size,YES
submit_bug,French,values-fr,Bug,Bug,YES
submit_question,French,values-fr,Question,Question,YES
description,French,values-fr,Description,Description,YES
git_title,French,values-fr,Github,Github,YES
short_voltage,French,values-fr, (Volt), (Volt),YES
bug,French,values-fr,Bug,Bug,YES
question,French,values-fr,Question,Question,YES
wikipedia_license,French,values-fr,Wikipedia Commons,Wikipedia Commons,YES
wikipedia_license_text,French,values-fr,"CREATIVE COMMONS CORPORATION IS NOT A LAW FIRM AND DOES NOT PROVIDE LEGAL SERVICES.
        DISTRIBUTION OF THIS LICENSE DOES NOT CREATE AN ATTORNEY-CLIENT RELATIONSHIP. CREATIVE COMMONS PROVIDES THIS INFORMATION ON AN ""AS-IS"" BASIS. CREATIVE COMMONS MAKES NO WARRANTIES REGARDING THE INFORMATION PROVIDED, AND DISCLAIMS LIABILITY FOR DAMAGES RESULTING FROM ITS USE.\n\nTHE WORK (AS DEFINED BELOW) IS PROVIDED UNDER THE TERMS OF THIS CREATIVE COMMONS PUBLIC LICENSE (""CCPL"" OR ""LICENSE"").
        THE WORK IS PROTECTED BY COPYRIGHT AND/OR OTHER APPLICABLE LAW. ANY USE OF THE WORK OTHER THAN AS AUTHORIZED UNDER THIS LICENSE OR COPYRIGHT LAW IS PROHIBITED.
        BY EXERCISING ANY RIGHTS TO THE WORK PROVIDED HERE, YOU ACCEPT AND AGREE TO BE BOUND BY THE TERMS OF THIS LICENSE. TO THE EXTENT THIS LICENSE MAY BE CONSIDERED TO BE A CONTRACT, THE LICENSOR GRANTS YOU THE RIGHTS CONTAINED HERE IN CONSIDERATION OF YOUR ACCEPTANCE OF SUCH TERMS AND CONDITIONS.","CREATIVE COMMONS CORPORATION IS NOT A LAW FIRM AND DOES NOT PROVIDE LEGAL SERVICES.
        DISTRIBUTION OF THIS LICENSE DOES NOT CREATE AN ATTORNEY-CLIENT RELATIONSHIP. CREATIVE COMMONS PROVIDES THIS INFORMATION ON AN ""AS-IS"" BASIS. CREATIVE COMMONS MAKES NO WARRANTIES REGARDING THE INFORMATION PROVIDED, AND DISCLAIMS LIABILITY FOR DAMAGES RESULTING FROM ITS USE.\n\nTHE WORK (AS DEFINED BELOW) IS PROVIDED UNDER THE TERMS OF THIS CREATIVE COMMONS PUBLIC LICENSE (""CCPL"" OR ""LICENSE"").
        THE WORK IS PROTECTED BY COPYRIGHT AND/OR OTHER APPLICABLE LAW. ANY USE OF THE WORK OTHER THAN AS AUTHORIZED UNDER THIS LICENSE OR COPYRIGHT LAW IS PROHIBITED.
        BY EXERCISING ANY RIGHTS TO THE WORK PROVIDED HERE, YOU ACCEPT AND AGREE TO BE BOUND BY THE TERMS OF THIS LICENSE. TO THE EXTENT THIS LICENSE MAY BE CONSIDERED TO BE A CONTRACT, THE LICENSOR GRANTS YOU THE RIGHTS CONTAINED HERE IN CONSIDERATION OF YOUR ACCEPTANCE OF SUCH TERMS AND CONDITIONS.",YES
sothree_license,French,values-fr,Android Sliding Up Panel,Android Sliding Up Panel,YES
sothree_license_text,French,values-fr,"Copyright 2015 Anton Lopyrev\n\nLicensed under the Apache License, Version 2.0 (the ""License"");you may not use this file except in compliance with the License.You may obtain a copy of the License at
    \n\nhttp://www.apache.org/licenses/LICENSE-2.0\n\n   Unless required by applicable law or agreed to in writing, softwaredistributed under the License is distributed on an ""AS IS"" BASIS, WITHOUT WARRANTIES OR CONDITIONS OF ANY KIND, either express or implied.See the License for the specific language governing permissions andlimitations under the License.","Copyright 2015 Anton Lopyrev\n\nLicensed under the Apache License, Version 2.0 (the ""License"");you may not use this file except in compliance with the License.You may obtain a copy of the License at
    \n\nhttp://www.apache.org/licenses/LICENSE-2.0\n\n   Unless required by applicable law or agreed to in writing, softwaredistributed under the License is distributed on an ""AS IS"" BASIS, WITHOUT WARRANTIES OR CONDITIONS OF ANY KIND, either express or implied.See the License for the specific language governing permissions andlimitations under the License.",YES
iso,French,values-fr,Isotopes,Isotopes,YES
progress_text_placeholder,French,values-fr,50/500,50/500,YES
phase_stp,French,values-fr,Phase (STP),Phase (STP),YES
pro_plus_badge,French,values-fr,PRO+,PRO+,YES
lives_count_placeholder,French,values-fr,5,5,YES
level_stat_placeholder,French,values-fr,---,---,YES
completed_quizzes_stat_placeholder,French,values-fr,---,---,YES
credits_giancarlo,French,values-fr,Giancarlo Mérida,Giancarlo Mérida,YES
credits_electro_boy,French,values-fr,ElectroBoy10,ElectroBoy10,YES
get_pro_short,French,values-fr,PRO,PRO,YES
achievement_reached_prefix,French,values-fr,Achievement reached: ,Achievement reached: ,YES
additional_data_item,French,values-fr,- Additional Data:,- Additional Data:,YES
additional_flashcards_games,French,values-fr,Additional Flashcards games:,Additional Flashcards games:,YES
additional_properties_requires_pro,French,values-fr,Additional properties requires PRO-version. Get PRO to unlock more data and tables:,Additional properties requires PRO-version. Get PRO to unlock more data and tables:,YES
additional_tables_item,French,values-fr,- Additional Tables:,- Additional Tables:,YES
all_core_features,French,values-fr,All Core Features,All Core Features,YES
and_more_item,French,values-fr,- And more,- And more,YES
appearance_colon,French,values-fr,Appearance:,Appearance:,YES
atomic_mass_colon,French,values-fr,Atomic Mass:,Atomic Mass:,YES
atomic_number_label,French,values-fr,Atomic Number:,Atomic Number:,YES
atomic_radius_calculated_colon,French,values-fr,Atomic Radius (Calculated):,Atomic Radius (Calculated):,YES
atomic_radius_empirical_colon,French,values-fr,Atomic Radius (Empirical):,Atomic Radius (Empirical):,YES
atomic_weight_relative_atomic_mass,French,values-fr,Atomic Weight (Relative Atomic Mass):,Atomic Weight (Relative Atomic Mass):,YES
balance_equation,French,values-fr,Balance equation:,Balance equation:,YES
balance_equation_colon,French,values-fr,Balance equation:,Balance equation:,YES
block_colon,French,values-fr,Block:,Block:,YES
boiling_point_colon,French,values-fr,Boiling Point:,Boiling Point:,YES
brinell_hardness_colon,French,values-fr,Brinell hardness:,Brinell hardness:,YES
calculations,French,values-fr,Calculations,Calculations,YES
calculations_stat,French,values-fr,Calculations,Calculations,YES
card_order,French,values-fr,Card Order,Card Order,YES
color_label,French,values-fr,Color: ,Color: ,YES
constants_table_label,French,values-fr,Constants Table:,Constants Table:,YES
correct,French,values-fr,Correct,Correct,YES
correct_answer,French,values-fr,Correct answer: %s,Correct answer: %s,YES
cristal_structure_label,French,values-fr,Cristal Structure: ,Cristal Structure: ,YES
currently_no_favorites,French,values-fr,Currently no favorites,Currently no favorites,YES
density_colon,French,values-fr,Density:,Density:,YES
density_label,French,values-fr,Density: ,Density: ,YES
electron_shell_colon,French,values-fr,Electron Shell:,Electron Shell:,YES
electronegativity_colon,French,values-fr,Electronegativity:,Electronegativity:,YES
elements_included_will_be_shown_here,French,values-fr,Elements included will be shown here,Elements included will be shown here,YES
elements_opened,French,values-fr,Elements opened,Elements opened,YES
emission_spectrum_colon,French,values-fr,Emission Spectrum:,Emission Spectrum:,YES
enable_zoom_in_tables,French,values-fr,Enable Zoom in tables,Enable Zoom in tables,YES
experimental,French,values-fr,Experimental,Experimental,YES
favorites_colon,French,values-fr,Favorites:,Favorites:,YES
fifty_lives_in_flashcards,French,values-fr,50 lives in Flashcards:,50 lives in Flashcards:,YES
finished_game_xp,French,values-fr,Finished Game: +%dxp,Finished Game: +%dxp,YES
formula_will_be_displayed_here,French,values-fr,Formula will be displayed here,Formula will be displayed here,YES
fusion_heat_colon,French,values-fr,Fusion heat:,Fusion heat:,YES
game_results,French,values-fr,Game Results,Game Results,YES
get_pro_button,French,values-fr,Get PRO,Get PRO,YES
get_pro_plus_button,French,values-fr,Get PRO+,Get PRO+,YES
go_online_for_emission_lines,French,values-fr,Go online for emission lines,Go online for emission lines,YES
go_pro_more_features,French,values-fr,Go Pro - more features,Go Pro - more features,YES
go_pro_school_start_sale,French,values-fr,GO PRO - SCHOOL START SALE,GO PRO - SCHOOL START SALE,YES
group_label,French,values-fr,Group: ,Group: ,YES
hardness_label,French,values-fr,Hardness: ,Hardness: ,YES
isotopes_table_description,French,values-fr,"A table with isotopes for different elements as well as half-time, mass, proton, neutron and nucleons data.","A table with isotopes for different elements as well as half-time, mass, proton, neutron and nucleons data.",YES
level_x_y,French,values-fr,Level X-Y,Level X-Y,YES
lives_label,French,values-fr,Lives: %s,Lives: %s,YES
lives_lost_detail,French,values-fr,Lives lost: %1$d (%2$d per wrong/timeout answer),Lives lost: %1$d (%2$d per wrong/timeout answer),YES
lives_unlimited,French,values-fr,Lives: ∞,Lives: ∞,YES
magnetism_label,French,values-fr,Magnetism: ,Magnetism: ,YES
melting_point_colon,French,values-fr,Melting Point:,Melting Point:,YES
most_advanced,French,values-fr,Most advanced,Most advanced,YES
new_label,French,values-fr,NEW,NEW,YES
next_life_in,French,values-fr,Next life in %1$d minutes and %2$d seconds.\nYou will gain %3$d life%4$s.,Next life in %1$d minutes and %2$d seconds.\nYou will gain %3$d life%4$s.,YES
no_image,French,values-fr,No Image,No Image,YES
non_pro,French,values-fr,NON-PRO,NON-PRO,YES
option_placeholder,French,values-fr,Option %d,Option %d,YES
out_of_lives_hours,French,values-fr,"Out of lives! More lives in %1$d hours, %2$d minutes and %3$d seconds.","Out of lives! More lives in %1$d hours, %2$d minutes and %3$d seconds.",YES
out_of_lives_minutes,French,values-fr,Out of lives! More lives in %1$d minutes and %2$d seconds.,Out of lives! More lives in %1$d minutes and %2$d seconds.,YES
perfect_all_correct_xp,French,values-fr,Perfect (All Correct): +%dxp,Perfect (All Correct): +%dxp,YES
phase_stp_colon,French,values-fr,Phase (STP):,Phase (STP):,YES
pro_plus_rewards,French,values-fr,PRO+ Rewards: %s,PRO+ Rewards: %s,YES
pro_plus_user,French,values-fr,PRO+ USER,PRO+ USER,YES
pro_plus_version,French,values-fr,PRO+ Version,PRO+ Version,YES
pro_user,French,values-fr,PRO USER,PRO USER,YES
pro_version,French,values-fr,PRO Version,PRO Version,YES
progress_xp,French,values-fr,%1$d/%2$d,%1$d/%2$d,YES
question_text,French,values-fr,Question text,Question text,YES
questions_correct_xp,French,values-fr,Questions Correct: +%dxp,Questions Correct: +%dxp,YES
rate,French,values-fr,Rate,Rate,YES
rate_app,French,values-fr,Rate App,Rate App,YES
rate_app_description,French,values-fr,"Let us know what you think of the app, by rating it on the Play Store!","Let us know what you think of the app, by rating it on the Play Store!",YES
reaction_balancer,French,values-fr,Reaction Balancer:,Reaction Balancer:,YES
score_summary,French,values-fr,Score: %1$d/%2$d,Score: %1$d/%2$d,YES
searches,French,values-fr,Searches,Searches,YES
solubility_table,French,values-fr,Solubility Table,Solubility Table,YES
specific_heat_capacity_colon,French,values-fr,Specific Heat Capacity:,Specific Heat Capacity:,YES
streak_label,French,values-fr,Streak: ,Streak: ,YES
time_up,French,values-fr,Time\'s Up,Time\'s Up,YES
tools,French,values-fr,Tools,Tools,YES
total_xp_stat,French,values-fr,Total XP: %d,Total XP: %d,YES
type_label,French,values-fr,Type: ,Type: ,YES
unit_conversion_format,French,values-fr,%1$s %2$s → %3$s %4$s (%5$s),%1$s %2$s → %3$s %4$s (%5$s),YES
unlock_advanced_data_and_additional_flashcards,French,values-fr,Unlock advanced data and additional flashcards.,Unlock advanced data and additional flashcards.,YES
unlock_advanced_data_and_extra_atomic_content,French,values-fr,Unlock advanced data and extra Atomic content.,Unlock advanced data and extra Atomic content.,YES
usage_statistics,French,values-fr,Usage Statistics,Usage Statistics,YES
vaporization_heat_colon,French,values-fr,Vaporization Heat:,Vaporization Heat:,YES
wrong,French,values-fr,Wrong,Wrong,YES
xp_bonus,French,values-fr,+%d%% bonus xp,+%d%% bonus xp,YES
you_have_full_lives,French,values-fr,You have full lives!,You have full lives!,YES
your_answer,French,values-fr,Your answer: %s,Your answer: %s,YES
pro_price_discount,Hindi,values-hi,pro_price_discount,pro_price_discount,YES
clear_cache_text,Hindi,values-hi,cache_size,cache_size,YES
progress_text_placeholder,Hindi,values-hi,50/500,50/500,YES
pro_plus_badge,Hindi,values-hi,PRO+,PRO+,YES
lives_count_placeholder,Hindi,values-hi,5,5,YES
level_stat_placeholder,Hindi,values-hi,---,---,YES
completed_quizzes_stat_placeholder,Hindi,values-hi,---,---,YES
credits_giancarlo,Hindi,values-hi,Giancarlo Mérida,Giancarlo Mérida,YES
credits_electro_boy,Hindi,values-hi,ElectroBoy10,ElectroBoy10,YES
get_pro_short,Hindi,values-hi,PRO,PRO,YES
achievement_reached_prefix,Hindi,values-hi,Achievement reached: ,Achievement reached: ,YES
additional_data_item,Hindi,values-hi,- Additional Data:,- Additional Data:,YES
additional_flashcards_games,Hindi,values-hi,Additional Flashcards games:,Additional Flashcards games:,YES
additional_properties_requires_pro,Hindi,values-hi,Additional properties requires PRO-version. Get PRO to unlock more data and tables:,Additional properties requires PRO-version. Get PRO to unlock more data and tables:,YES
additional_tables_item,Hindi,values-hi,- Additional Tables:,- Additional Tables:,YES
all_core_features,Hindi,values-hi,All Core Features,All Core Features,YES
and_more_item,Hindi,values-hi,- And more,- And more,YES
appearance_colon,Hindi,values-hi,Appearance:,Appearance:,YES
atomic_mass_colon,Hindi,values-hi,Atomic Mass:,Atomic Mass:,YES
atomic_number_label,Hindi,values-hi,Atomic Number:,Atomic Number:,YES
atomic_radius_calculated_colon,Hindi,values-hi,Atomic Radius (Calculated):,Atomic Radius (Calculated):,YES
atomic_radius_empirical_colon,Hindi,values-hi,Atomic Radius (Empirical):,Atomic Radius (Empirical):,YES
atomic_weight_relative_atomic_mass,Hindi,values-hi,Atomic Weight (Relative Atomic Mass):,Atomic Weight (Relative Atomic Mass):,YES
balance_equation,Hindi,values-hi,Balance equation:,Balance equation:,YES
balance_equation_colon,Hindi,values-hi,Balance equation:,Balance equation:,YES
block_colon,Hindi,values-hi,Block:,Block:,YES
boiling_point_colon,Hindi,values-hi,Boiling Point:,Boiling Point:,YES
brinell_hardness_colon,Hindi,values-hi,Brinell hardness:,Brinell hardness:,YES
calculations,Hindi,values-hi,Calculations,Calculations,YES
calculations_stat,Hindi,values-hi,Calculations,Calculations,YES
card_order,Hindi,values-hi,Card Order,Card Order,YES
color_label,Hindi,values-hi,Color: ,Color: ,YES
constants_table_label,Hindi,values-hi,Constants Table:,Constants Table:,YES
correct,Hindi,values-hi,Correct,Correct,YES
correct_answer,Hindi,values-hi,Correct answer: %s,Correct answer: %s,YES
cristal_structure_label,Hindi,values-hi,Cristal Structure: ,Cristal Structure: ,YES
currently_no_favorites,Hindi,values-hi,Currently no favorites,Currently no favorites,YES
density_colon,Hindi,values-hi,Density:,Density:,YES
density_label,Hindi,values-hi,Density: ,Density: ,YES
electron_shell_colon,Hindi,values-hi,Electron Shell:,Electron Shell:,YES
electronegativity_colon,Hindi,values-hi,Electronegativity:,Electronegativity:,YES
elements_included_will_be_shown_here,Hindi,values-hi,Elements included will be shown here,Elements included will be shown here,YES
elements_opened,Hindi,values-hi,Elements opened,Elements opened,YES
emission_spectrum_colon,Hindi,values-hi,Emission Spectrum:,Emission Spectrum:,YES
enable_zoom_in_tables,Hindi,values-hi,Enable Zoom in tables,Enable Zoom in tables,YES
experimental,Hindi,values-hi,Experimental,Experimental,YES
favorites_colon,Hindi,values-hi,Favorites:,Favorites:,YES
fifty_lives_in_flashcards,Hindi,values-hi,50 lives in Flashcards:,50 lives in Flashcards:,YES
finished_game_xp,Hindi,values-hi,Finished Game: +%dxp,Finished Game: +%dxp,YES
formula_will_be_displayed_here,Hindi,values-hi,Formula will be displayed here,Formula will be displayed here,YES
fusion_heat_colon,Hindi,values-hi,Fusion heat:,Fusion heat:,YES
game_results,Hindi,values-hi,Game Results,Game Results,YES
get_pro_button,Hindi,values-hi,Get PRO,Get PRO,YES
get_pro_plus_button,Hindi,values-hi,Get PRO+,Get PRO+,YES
go_online_for_emission_lines,Hindi,values-hi,Go online for emission lines,Go online for emission lines,YES
go_pro_more_features,Hindi,values-hi,Go Pro - more features,Go Pro - more features,YES
go_pro_school_start_sale,Hindi,values-hi,GO PRO - SCHOOL START SALE,GO PRO - SCHOOL START SALE,YES
group_label,Hindi,values-hi,Group: ,Group: ,YES
hardness_label,Hindi,values-hi,Hardness: ,Hardness: ,YES
isotopes_table_description,Hindi,values-hi,"A table with isotopes for different elements as well as half-time, mass, proton, neutron and nucleons data.","A table with isotopes for different elements as well as half-time, mass, proton, neutron and nucleons data.",YES
level_x_y,Hindi,values-hi,Level X-Y,Level X-Y,YES
lives_label,Hindi,values-hi,Lives: %s,Lives: %s,YES
lives_lost_detail,Hindi,values-hi,Lives lost: %1$d (%2$d per wrong/timeout answer),Lives lost: %1$d (%2$d per wrong/timeout answer),YES
lives_unlimited,Hindi,values-hi,Lives: ∞,Lives: ∞,YES
magnetism_label,Hindi,values-hi,Magnetism: ,Magnetism: ,YES
melting_point_colon,Hindi,values-hi,Melting Point:,Melting Point:,YES
most_advanced,Hindi,values-hi,Most advanced,Most advanced,YES
new_label,Hindi,values-hi,NEW,NEW,YES
next_life_in,Hindi,values-hi,Next life in %1$d minutes and %2$d seconds.\nYou will gain %3$d life%4$s.,Next life in %1$d minutes and %2$d seconds.\nYou will gain %3$d life%4$s.,YES
no_image,Hindi,values-hi,No Image,No Image,YES
non_pro,Hindi,values-hi,NON-PRO,NON-PRO,YES
option_placeholder,Hindi,values-hi,Option %d,Option %d,YES
out_of_lives_hours,Hindi,values-hi,"Out of lives! More lives in %1$d hours, %2$d minutes and %3$d seconds.","Out of lives! More lives in %1$d hours, %2$d minutes and %3$d seconds.",YES
out_of_lives_minutes,Hindi,values-hi,Out of lives! More lives in %1$d minutes and %2$d seconds.,Out of lives! More lives in %1$d minutes and %2$d seconds.,YES
perfect_all_correct_xp,Hindi,values-hi,Perfect (All Correct): +%dxp,Perfect (All Correct): +%dxp,YES
phase_stp_colon,Hindi,values-hi,Phase (STP):,Phase (STP):,YES
pro_plus_rewards,Hindi,values-hi,PRO+ Rewards: %s,PRO+ Rewards: %s,YES
pro_plus_user,Hindi,values-hi,PRO+ USER,PRO+ USER,YES
pro_plus_version,Hindi,values-hi,PRO+ Version,PRO+ Version,YES
pro_user,Hindi,values-hi,PRO USER,PRO USER,YES
pro_version,Hindi,values-hi,PRO Version,PRO Version,YES
progress_xp,Hindi,values-hi,%1$d/%2$d,%1$d/%2$d,YES
question_text,Hindi,values-hi,Question text,Question text,YES
questions_correct_xp,Hindi,values-hi,Questions Correct: +%dxp,Questions Correct: +%dxp,YES
rate,Hindi,values-hi,Rate,Rate,YES
rate_app,Hindi,values-hi,Rate App,Rate App,YES
rate_app_description,Hindi,values-hi,"Let us know what you think of the app, by rating it on the Play Store!","Let us know what you think of the app, by rating it on the Play Store!",YES
reaction_balancer,Hindi,values-hi,Reaction Balancer:,Reaction Balancer:,YES
score_summary,Hindi,values-hi,Score: %1$d/%2$d,Score: %1$d/%2$d,YES
searches,Hindi,values-hi,Searches,Searches,YES
solubility_table,Hindi,values-hi,Solubility Table,Solubility Table,YES
specific_heat_capacity_colon,Hindi,values-hi,Specific Heat Capacity:,Specific Heat Capacity:,YES
streak_label,Hindi,values-hi,Streak: ,Streak: ,YES
time_up,Hindi,values-hi,Time\'s Up,Time\'s Up,YES
tools,Hindi,values-hi,Tools,Tools,YES
total_xp_stat,Hindi,values-hi,Total XP: %d,Total XP: %d,YES
type_label,Hindi,values-hi,Type: ,Type: ,YES
unit_conversion_format,Hindi,values-hi,%1$s %2$s → %3$s %4$s (%5$s),%1$s %2$s → %3$s %4$s (%5$s),YES
unlock_advanced_data_and_additional_flashcards,Hindi,values-hi,Unlock advanced data and additional flashcards.,Unlock advanced data and additional flashcards.,YES
unlock_advanced_data_and_extra_atomic_content,Hindi,values-hi,Unlock advanced data and extra Atomic content.,Unlock advanced data and extra Atomic content.,YES
usage_statistics,Hindi,values-hi,Usage Statistics,Usage Statistics,YES
vaporization_heat_colon,Hindi,values-hi,Vaporization Heat:,Vaporization Heat:,YES
wrong,Hindi,values-hi,Wrong,Wrong,YES
xp_bonus,Hindi,values-hi,+%d%% bonus xp,+%d%% bonus xp,YES
you_have_full_lives,Hindi,values-hi,You have full lives!,You have full lives!,YES
your_answer,Hindi,values-hi,Your answer: %s,Your answer: %s,YES
blog,Italian,values-it-rIT,Blog,Blog,YES
pro_price_discount,Italian,values-it-rIT,pro_price_discount,pro_price_discount,YES
kelvin,Italian,values-it-rIT,Kelvin,Kelvin,YES
celsius,Italian,values-it-rIT,Celsius,Celsius,YES
fahrenheit,Italian,values-it-rIT,Fahrenheit,Fahrenheit,YES
submit_bug,Italian,values-it-rIT,Bug,Bug,YES
git_title,Italian,values-it-rIT,Github,Github,YES
calculator_formula,Italian,values-it-rIT,Formula:,Formula:,YES
short_voltage,Italian,values-it-rIT, (Volt), (Volt),YES
bug,Italian,values-it-rIT,Bug,Bug,YES
wikipedia_license,Italian,values-it-rIT,Wikipedia Commons,Wikipedia Commons,YES
sothree_license,Italian,values-it-rIT,Android Sliding Up Panel,Android Sliding Up Panel,YES
unit_formula,Italian,values-it-rIT,Formula:,Formula:,YES
progress_text_placeholder,Italian,values-it-rIT,50/500,50/500,YES
pro_plus_badge,Italian,values-it-rIT,PRO+,PRO+,YES
lives_count_placeholder,Italian,values-it-rIT,5,5,YES
level_stat_placeholder,Italian,values-it-rIT,---,---,YES
completed_quizzes_stat_placeholder,Italian,values-it-rIT,---,---,YES
credits_giancarlo,Italian,values-it-rIT,Giancarlo Mérida,Giancarlo Mérida,YES
credits_electro_boy,Italian,values-it-rIT,ElectroBoy10,ElectroBoy10,YES
get_pro_short,Italian,values-it-rIT,PRO,PRO,YES
achievement_reached_prefix,Italian,values-it-rIT,Achievement reached: ,Achievement reached: ,YES
additional_data_item,Italian,values-it-rIT,- Additional Data:,- Additional Data:,YES
additional_flashcards_games,Italian,values-it-rIT,Additional Flashcards games:,Additional Flashcards games:,YES
additional_properties_requires_pro,Italian,values-it-rIT,Additional properties requires PRO-version. Get PRO to unlock more data and tables:,Additional properties requires PRO-version. Get PRO to unlock more data and tables:,YES
additional_tables_item,Italian,values-it-rIT,- Additional Tables:,- Additional Tables:,YES
all_core_features,Italian,values-it-rIT,All Core Features,All Core Features,YES
and_more_item,Italian,values-it-rIT,- And more,- And more,YES
appearance_colon,Italian,values-it-rIT,Appearance:,Appearance:,YES
atomic_mass_colon,Italian,values-it-rIT,Atomic Mass:,Atomic Mass:,YES
atomic_number_label,Italian,values-it-rIT,Atomic Number:,Atomic Number:,YES
atomic_radius_calculated_colon,Italian,values-it-rIT,Atomic Radius (Calculated):,Atomic Radius (Calculated):,YES
atomic_radius_empirical_colon,Italian,values-it-rIT,Atomic Radius (Empirical):,Atomic Radius (Empirical):,YES
atomic_weight_relative_atomic_mass,Italian,values-it-rIT,Atomic Weight (Relative Atomic Mass):,Atomic Weight (Relative Atomic Mass):,YES
balance_equation,Italian,values-it-rIT,Balance equation:,Balance equation:,YES
balance_equation_colon,Italian,values-it-rIT,Balance equation:,Balance equation:,YES
block_colon,Italian,values-it-rIT,Block:,Block:,YES
boiling_point_colon,Italian,values-it-rIT,Boiling Point:,Boiling Point:,YES
brinell_hardness_colon,Italian,values-it-rIT,Brinell hardness:,Brinell hardness:,YES
calculations,Italian,values-it-rIT,Calculations,Calculations,YES
calculations_stat,Italian,values-it-rIT,Calculations,Calculations,YES
card_order,Italian,values-it-rIT,Card Order,Card Order,YES
color_label,Italian,values-it-rIT,Color: ,Color: ,YES
constants_table_label,Italian,values-it-rIT,Constants Table:,Constants Table:,YES
correct,Italian,values-it-rIT,Correct,Correct,YES
correct_answer,Italian,values-it-rIT,Correct answer: %s,Correct answer: %s,YES
cristal_structure_label,Italian,values-it-rIT,Cristal Structure: ,Cristal Structure: ,YES
currently_no_favorites,Italian,values-it-rIT,Currently no favorites,Currently no favorites,YES
density_colon,Italian,values-it-rIT,Density:,Density:,YES
density_label,Italian,values-it-rIT,Density: ,Density: ,YES
electron_shell_colon,Italian,values-it-rIT,Electron Shell:,Electron Shell:,YES
electronegativity_colon,Italian,values-it-rIT,Electronegativity:,Electronegativity:,YES
elements_included_will_be_shown_here,Italian,values-it-rIT,Elements included will be shown here,Elements included will be shown here,YES
elements_opened,Italian,values-it-rIT,Elements opened,Elements opened,YES
emission_spectrum_colon,Italian,values-it-rIT,Emission Spectrum:,Emission Spectrum:,YES
enable_zoom_in_tables,Italian,values-it-rIT,Enable Zoom in tables,Enable Zoom in tables,YES
experimental,Italian,values-it-rIT,Experimental,Experimental,YES
favorites_colon,Italian,values-it-rIT,Favorites:,Favorites:,YES
fifty_lives_in_flashcards,Italian,values-it-rIT,50 lives in Flashcards:,50 lives in Flashcards:,YES
finished_game_xp,Italian,values-it-rIT,Finished Game: +%dxp,Finished Game: +%dxp,YES
formula_will_be_displayed_here,Italian,values-it-rIT,Formula will be displayed here,Formula will be displayed here,YES
fusion_heat_colon,Italian,values-it-rIT,Fusion heat:,Fusion heat:,YES
game_results,Italian,values-it-rIT,Game Results,Game Results,YES
get_pro_button,Italian,values-it-rIT,Get PRO,Get PRO,YES
get_pro_plus_button,Italian,values-it-rIT,Get PRO+,Get PRO+,YES
go_online_for_emission_lines,Italian,values-it-rIT,Go online for emission lines,Go online for emission lines,YES
go_pro_more_features,Italian,values-it-rIT,Go Pro - more features,Go Pro - more features,YES
go_pro_school_start_sale,Italian,values-it-rIT,GO PRO - SCHOOL START SALE,GO PRO - SCHOOL START SALE,YES
group_label,Italian,values-it-rIT,Group: ,Group: ,YES
hardness_label,Italian,values-it-rIT,Hardness: ,Hardness: ,YES
isotopes_table_description,Italian,values-it-rIT,"A table with isotopes for different elements as well as half-time, mass, proton, neutron and nucleons data.","A table with isotopes for different elements as well as half-time, mass, proton, neutron and nucleons data.",YES
level_x_y,Italian,values-it-rIT,Level X-Y,Level X-Y,YES
lives_label,Italian,values-it-rIT,Lives: %s,Lives: %s,YES
lives_lost_detail,Italian,values-it-rIT,Lives lost: %1$d (%2$d per wrong/timeout answer),Lives lost: %1$d (%2$d per wrong/timeout answer),YES
lives_unlimited,Italian,values-it-rIT,Lives: ∞,Lives: ∞,YES
magnetism_label,Italian,values-it-rIT,Magnetism: ,Magnetism: ,YES
melting_point_colon,Italian,values-it-rIT,Melting Point:,Melting Point:,YES
most_advanced,Italian,values-it-rIT,Most advanced,Most advanced,YES
new_label,Italian,values-it-rIT,NEW,NEW,YES
next_life_in,Italian,values-it-rIT,Next life in %1$d minutes and %2$d seconds.\nYou will gain %3$d life%4$s.,Next life in %1$d minutes and %2$d seconds.\nYou will gain %3$d life%4$s.,YES
no_image,Italian,values-it-rIT,No Image,No Image,YES
non_pro,Italian,values-it-rIT,NON-PRO,NON-PRO,YES
option_placeholder,Italian,values-it-rIT,Option %d,Option %d,YES
out_of_lives_hours,Italian,values-it-rIT,"Out of lives! More lives in %1$d hours, %2$d minutes and %3$d seconds.","Out of lives! More lives in %1$d hours, %2$d minutes and %3$d seconds.",YES
out_of_lives_minutes,Italian,values-it-rIT,Out of lives! More lives in %1$d minutes and %2$d seconds.,Out of lives! More lives in %1$d minutes and %2$d seconds.,YES
perfect_all_correct_xp,Italian,values-it-rIT,Perfect (All Correct): +%dxp,Perfect (All Correct): +%dxp,YES
phase_stp_colon,Italian,values-it-rIT,Phase (STP):,Phase (STP):,YES
pro_plus_rewards,Italian,values-it-rIT,PRO+ Rewards: %s,PRO+ Rewards: %s,YES
pro_plus_user,Italian,values-it-rIT,PRO+ USER,PRO+ USER,YES
pro_plus_version,Italian,values-it-rIT,PRO+ Version,PRO+ Version,YES
pro_user,Italian,values-it-rIT,PRO USER,PRO USER,YES
pro_version,Italian,values-it-rIT,PRO Version,PRO Version,YES
progress_xp,Italian,values-it-rIT,%1$d/%2$d,%1$d/%2$d,YES
question_text,Italian,values-it-rIT,Question text,Question text,YES
questions_correct_xp,Italian,values-it-rIT,Questions Correct: +%dxp,Questions Correct: +%dxp,YES
rate,Italian,values-it-rIT,Rate,Rate,YES
rate_app,Italian,values-it-rIT,Rate App,Rate App,YES
rate_app_description,Italian,values-it-rIT,"Let us know what you think of the app, by rating it on the Play Store!","Let us know what you think of the app, by rating it on the Play Store!",YES
reaction_balancer,Italian,values-it-rIT,Reaction Balancer:,Reaction Balancer:,YES
score_summary,Italian,values-it-rIT,Score: %1$d/%2$d,Score: %1$d/%2$d,YES
searches,Italian,values-it-rIT,Searches,Searches,YES
solubility_table,Italian,values-it-rIT,Solubility Table,Solubility Table,YES
specific_heat_capacity_colon,Italian,values-it-rIT,Specific Heat Capacity:,Specific Heat Capacity:,YES
streak_label,Italian,values-it-rIT,Streak: ,Streak: ,YES
time_up,Italian,values-it-rIT,Time\'s Up,Time\'s Up,YES
tools,Italian,values-it-rIT,Tools,Tools,YES
total_xp_stat,Italian,values-it-rIT,Total XP: %d,Total XP: %d,YES
type_label,Italian,values-it-rIT,Type: ,Type: ,YES
unit_conversion_format,Italian,values-it-rIT,%1$s %2$s → %3$s %4$s (%5$s),%1$s %2$s → %3$s %4$s (%5$s),YES
unlock_advanced_data_and_additional_flashcards,Italian,values-it-rIT,Unlock advanced data and additional flashcards.,Unlock advanced data and additional flashcards.,YES
unlock_advanced_data_and_extra_atomic_content,Italian,values-it-rIT,Unlock advanced data and extra Atomic content.,Unlock advanced data and extra Atomic content.,YES
usage_statistics,Italian,values-it-rIT,Usage Statistics,Usage Statistics,YES
vaporization_heat_colon,Italian,values-it-rIT,Vaporization Heat:,Vaporization Heat:,YES
wrong,Italian,values-it-rIT,Wrong,Wrong,YES
xp_bonus,Italian,values-it-rIT,+%d%% bonus xp,+%d%% bonus xp,YES
you_have_full_lives,Italian,values-it-rIT,You have full lives!,You have full lives!,YES
your_answer,Italian,values-it-rIT,Your answer: %s,Your answer: %s,YES
app_name,Portuguese (Brazil),values-pt-rBR,Atomic,Atomic,YES
blog,Portuguese (Brazil),values-pt-rBR,Blog,Blog,YES
pro_price_discount,Portuguese (Brazil),values-pt-rBR,pro_price_discount,pro_price_discount,YES
favorite_settings_nuclear,Portuguese (Brazil),values-pt-rBR,Nuclear,Nuclear,YES
kelvin,Portuguese (Brazil),values-pt-rBR,Kelvin,Kelvin,YES
celsius,Portuguese (Brazil),values-pt-rBR,Celsius,Celsius,YES
fahrenheit,Portuguese (Brazil),values-pt-rBR,Fahrenheit,Fahrenheit,YES
sources_wwe_text,Portuguese (Brazil),values-pt-rBR,"Mackenzie L. Davis, (2019). Water and wastewater Engineering: Design Principles and Practise, second edition. ISBN: 978-1-260-13227-4","Mackenzie L. Davis, (2019). Water and wastewater Engineering: Design Principles and Practise, second edition. ISBN: 978-1-260-13227-4",YES
clear_cache_text,Portuguese (Brazil),values-pt-rBR,cache_size,cache_size,YES
submit_bug,Portuguese (Brazil),values-pt-rBR,Bug,Bug,YES
git_title,Portuguese (Brazil),values-pt-rBR,Github,Github,YES
short_voltage,Portuguese (Brazil),values-pt-rBR, (Volt), (Volt),YES
bug,Portuguese (Brazil),values-pt-rBR,Bug,Bug,YES
wikipedia_license,Portuguese (Brazil),values-pt-rBR,Wikipedia Commons,Wikipedia Commons,YES
wikipedia_license_text,Portuguese (Brazil),values-pt-rBR,"CREATIVE COMMONS CORPORATION IS NOT A LAW FIRM AND DOES NOT PROVIDE LEGAL SERVICES.
        DISTRIBUTION OF THIS LICENSE DOES NOT CREATE AN ATTORNEY-CLIENT RELATIONSHIP. CREATIVE COMMONS PROVIDES THIS INFORMATION ON AN ""AS-IS"" BASIS. CREATIVE COMMONS MAKES NO WARRANTIES REGARDING THE INFORMATION PROVIDED, AND DISCLAIMS LIABILITY FOR DAMAGES RESULTING FROM ITS USE.\n\nTHE WORK (AS DEFINED BELOW) IS PROVIDED UNDER THE TERMS OF THIS CREATIVE COMMONS PUBLIC LICENSE (""CCPL"" OR ""LICENSE"").
        THE WORK IS PROTECTED BY COPYRIGHT AND/OR OTHER APPLICABLE LAW. ANY USE OF THE WORK OTHER THAN AS AUTHORIZED UNDER THIS LICENSE OR COPYRIGHT LAW IS PROHIBITED.
        BY EXERCISING ANY RIGHTS TO THE WORK PROVIDED HERE, YOU ACCEPT AND AGREE TO BE BOUND BY THE TERMS OF THIS LICENSE. TO THE EXTENT THIS LICENSE MAY BE CONSIDERED TO BE A CONTRACT, THE LICENSOR GRANTS YOU THE RIGHTS CONTAINED HERE IN CONSIDERATION OF YOUR ACCEPTANCE OF SUCH TERMS AND CONDITIONS.","CREATIVE COMMONS CORPORATION IS NOT A LAW FIRM AND DOES NOT PROVIDE LEGAL SERVICES.
        DISTRIBUTION OF THIS LICENSE DOES NOT CREATE AN ATTORNEY-CLIENT RELATIONSHIP. CREATIVE COMMONS PROVIDES THIS INFORMATION ON AN ""AS-IS"" BASIS. CREATIVE COMMONS MAKES NO WARRANTIES REGARDING THE INFORMATION PROVIDED, AND DISCLAIMS LIABILITY FOR DAMAGES RESULTING FROM ITS USE.\n\nTHE WORK (AS DEFINED BELOW) IS PROVIDED UNDER THE TERMS OF THIS CREATIVE COMMONS PUBLIC LICENSE (""CCPL"" OR ""LICENSE"").
        THE WORK IS PROTECTED BY COPYRIGHT AND/OR OTHER APPLICABLE LAW. ANY USE OF THE WORK OTHER THAN AS AUTHORIZED UNDER THIS LICENSE OR COPYRIGHT LAW IS PROHIBITED.
        BY EXERCISING ANY RIGHTS TO THE WORK PROVIDED HERE, YOU ACCEPT AND AGREE TO BE BOUND BY THE TERMS OF THIS LICENSE. TO THE EXTENT THIS LICENSE MAY BE CONSIDERED TO BE A CONTRACT, THE LICENSOR GRANTS YOU THE RIGHTS CONTAINED HERE IN CONSIDERATION OF YOUR ACCEPTANCE OF SUCH TERMS AND CONDITIONS.",YES
sothree_license,Portuguese (Brazil),values-pt-rBR,Android Sliding Up Panel,Android Sliding Up Panel,YES
sothree_license_text,Portuguese (Brazil),values-pt-rBR,"Copyright 2015 Anton Lopyrev\n\nLicensed under the Apache License, Version 2.0 (the ""License"");you may not use this file except in compliance with the License.You may obtain a copy of the License at
    \n\nhttp://www.apache.org/licenses/LICENSE-2.0\n\n   Unless required by applicable law or agreed to in writing, softwaredistributed under the License is distributed on an ""AS IS"" BASIS, WITHOUT WARRANTIES OR CONDITIONS OF ANY KIND, either express or implied.See the License for the specific language governing permissions andlimitations under the License.","Copyright 2015 Anton Lopyrev\n\nLicensed under the Apache License, Version 2.0 (the ""License"");you may not use this file except in compliance with the License.You may obtain a copy of the License at
    \n\nhttp://www.apache.org/licenses/LICENSE-2.0\n\n   Unless required by applicable law or agreed to in writing, softwaredistributed under the License is distributed on an ""AS IS"" BASIS, WITHOUT WARRANTIES OR CONDITIONS OF ANY KIND, either express or implied.See the License for the specific language governing permissions andlimitations under the License.",YES
fla,Portuguese (Brazil),values-pt-rBR,Flashcards,Flashcards,YES
flashcards_title,Portuguese (Brazil),values-pt-rBR,Flashcards,Flashcards,YES
progress_text_placeholder,Portuguese (Brazil),values-pt-rBR,50/500,50/500,YES
pro_plus_badge,Portuguese (Brazil),values-pt-rBR,PRO+,PRO+,YES
lives_count_placeholder,Portuguese (Brazil),values-pt-rBR,5,5,YES
level_stat_placeholder,Portuguese (Brazil),values-pt-rBR,---,---,YES
completed_quizzes_stat_placeholder,Portuguese (Brazil),values-pt-rBR,---,---,YES
credits_giancarlo,Portuguese (Brazil),values-pt-rBR,Giancarlo Mérida,Giancarlo Mérida,YES
credits_electro_boy,Portuguese (Brazil),values-pt-rBR,ElectroBoy10,ElectroBoy10,YES
get_pro_short,Portuguese (Brazil),values-pt-rBR,PRO,PRO,YES
achievement_reached_prefix,Portuguese (Brazil),values-pt-rBR,Achievement reached: ,Achievement reached: ,YES
additional_data_item,Portuguese (Brazil),values-pt-rBR,- Additional Data:,- Additional Data:,YES
additional_flashcards_games,Portuguese (Brazil),values-pt-rBR,Additional Flashcards games:,Additional Flashcards games:,YES
additional_properties_requires_pro,Portuguese (Brazil),values-pt-rBR,Additional properties requires PRO-version. Get PRO to unlock more data and tables:,Additional properties requires PRO-version. Get PRO to unlock more data and tables:,YES
additional_tables_item,Portuguese (Brazil),values-pt-rBR,- Additional Tables:,- Additional Tables:,YES
all_core_features,Portuguese (Brazil),values-pt-rBR,All Core Features,All Core Features,YES
and_more_item,Portuguese (Brazil),values-pt-rBR,- And more,- And more,YES
appearance_colon,Portuguese (Brazil),values-pt-rBR,Appearance:,Appearance:,YES
atomic_mass_colon,Portuguese (Brazil),values-pt-rBR,Atomic Mass:,Atomic Mass:,YES
atomic_number_label,Portuguese (Brazil),values-pt-rBR,Atomic Number:,Atomic Number:,YES
atomic_radius_calculated_colon,Portuguese (Brazil),values-pt-rBR,Atomic Radius (Calculated):,Atomic Radius (Calculated):,YES
atomic_radius_empirical_colon,Portuguese (Brazil),values-pt-rBR,Atomic Radius (Empirical):,Atomic Radius (Empirical):,YES
atomic_weight_relative_atomic_mass,Portuguese (Brazil),values-pt-rBR,Atomic Weight (Relative Atomic Mass):,Atomic Weight (Relative Atomic Mass):,YES
balance_equation,Portuguese (Brazil),values-pt-rBR,Balance equation:,Balance equation:,YES
balance_equation_colon,Portuguese (Brazil),values-pt-rBR,Balance equation:,Balance equation:,YES
block_colon,Portuguese (Brazil),values-pt-rBR,Block:,Block:,YES
boiling_point_colon,Portuguese (Brazil),values-pt-rBR,Boiling Point:,Boiling Point:,YES
brinell_hardness_colon,Portuguese (Brazil),values-pt-rBR,Brinell hardness:,Brinell hardness:,YES
calculations,Portuguese (Brazil),values-pt-rBR,Calculations,Calculations,YES
calculations_stat,Portuguese (Brazil),values-pt-rBR,Calculations,Calculations,YES
card_order,Portuguese (Brazil),values-pt-rBR,Card Order,Card Order,YES
color_label,Portuguese (Brazil),values-pt-rBR,Color: ,Color: ,YES
constants_table_label,Portuguese (Brazil),values-pt-rBR,Constants Table:,Constants Table:,YES
correct,Portuguese (Brazil),values-pt-rBR,Correct,Correct,YES
correct_answer,Portuguese (Brazil),values-pt-rBR,Correct answer: %s,Correct answer: %s,YES
cristal_structure_label,Portuguese (Brazil),values-pt-rBR,Cristal Structure: ,Cristal Structure: ,YES
currently_no_favorites,Portuguese (Brazil),values-pt-rBR,Currently no favorites,Currently no favorites,YES
density_colon,Portuguese (Brazil),values-pt-rBR,Density:,Density:,YES
density_label,Portuguese (Brazil),values-pt-rBR,Density: ,Density: ,YES
electron_shell_colon,Portuguese (Brazil),values-pt-rBR,Electron Shell:,Electron Shell:,YES
electronegativity_colon,Portuguese (Brazil),values-pt-rBR,Electronegativity:,Electronegativity:,YES
elements_included_will_be_shown_here,Portuguese (Brazil),values-pt-rBR,Elements included will be shown here,Elements included will be shown here,YES
elements_opened,Portuguese (Brazil),values-pt-rBR,Elements opened,Elements opened,YES
emission_spectrum_colon,Portuguese (Brazil),values-pt-rBR,Emission Spectrum:,Emission Spectrum:,YES
enable_zoom_in_tables,Portuguese (Brazil),values-pt-rBR,Enable Zoom in tables,Enable Zoom in tables,YES
experimental,Portuguese (Brazil),values-pt-rBR,Experimental,Experimental,YES
favorites_colon,Portuguese (Brazil),values-pt-rBR,Favorites:,Favorites:,YES
fifty_lives_in_flashcards,Portuguese (Brazil),values-pt-rBR,50 lives in Flashcards:,50 lives in Flashcards:,YES
finished_game_xp,Portuguese (Brazil),values-pt-rBR,Finished Game: +%dxp,Finished Game: +%dxp,YES
formula_will_be_displayed_here,Portuguese (Brazil),values-pt-rBR,Formula will be displayed here,Formula will be displayed here,YES
fusion_heat_colon,Portuguese (Brazil),values-pt-rBR,Fusion heat:,Fusion heat:,YES
game_results,Portuguese (Brazil),values-pt-rBR,Game Results,Game Results,YES
get_pro_button,Portuguese (Brazil),values-pt-rBR,Get PRO,Get PRO,YES
get_pro_plus_button,Portuguese (Brazil),values-pt-rBR,Get PRO+,Get PRO+,YES
go_online_for_emission_lines,Portuguese (Brazil),values-pt-rBR,Go online for emission lines,Go online for emission lines,YES
go_pro_more_features,Portuguese (Brazil),values-pt-rBR,Go Pro - more features,Go Pro - more features,YES
go_pro_school_start_sale,Portuguese (Brazil),values-pt-rBR,GO PRO - SCHOOL START SALE,GO PRO - SCHOOL START SALE,YES
group_label,Portuguese (Brazil),values-pt-rBR,Group: ,Group: ,YES
hardness_label,Portuguese (Brazil),values-pt-rBR,Hardness: ,Hardness: ,YES
isotopes_table_description,Portuguese (Brazil),values-pt-rBR,"A table with isotopes for different elements as well as half-time, mass, proton, neutron and nucleons data.","A table with isotopes for different elements as well as half-time, mass, proton, neutron and nucleons data.",YES
level_x_y,Portuguese (Brazil),values-pt-rBR,Level X-Y,Level X-Y,YES
lives_label,Portuguese (Brazil),values-pt-rBR,Lives: %s,Lives: %s,YES
lives_lost_detail,Portuguese (Brazil),values-pt-rBR,Lives lost: %1$d (%2$d per wrong/timeout answer),Lives lost: %1$d (%2$d per wrong/timeout answer),YES
lives_unlimited,Portuguese (Brazil),values-pt-rBR,Lives: ∞,Lives: ∞,YES
magnetism_label,Portuguese (Brazil),values-pt-rBR,Magnetism: ,Magnetism: ,YES
melting_point_colon,Portuguese (Brazil),values-pt-rBR,Melting Point:,Melting Point:,YES
most_advanced,Portuguese (Brazil),values-pt-rBR,Most advanced,Most advanced,YES
new_label,Portuguese (Brazil),values-pt-rBR,NEW,NEW,YES
next_life_in,Portuguese (Brazil),values-pt-rBR,Next life in %1$d minutes and %2$d seconds.\nYou will gain %3$d life%4$s.,Next life in %1$d minutes and %2$d seconds.\nYou will gain %3$d life%4$s.,YES
no_image,Portuguese (Brazil),values-pt-rBR,No Image,No Image,YES
non_pro,Portuguese (Brazil),values-pt-rBR,NON-PRO,NON-PRO,YES
option_placeholder,Portuguese (Brazil),values-pt-rBR,Option %d,Option %d,YES
out_of_lives_hours,Portuguese (Brazil),values-pt-rBR,"Out of lives! More lives in %1$d hours, %2$d minutes and %3$d seconds.","Out of lives! More lives in %1$d hours, %2$d minutes and %3$d seconds.",YES
out_of_lives_minutes,Portuguese (Brazil),values-pt-rBR,Out of lives! More lives in %1$d minutes and %2$d seconds.,Out of lives! More lives in %1$d minutes and %2$d seconds.,YES
perfect_all_correct_xp,Portuguese (Brazil),values-pt-rBR,Perfect (All Correct): +%dxp,Perfect (All Correct): +%dxp,YES
phase_stp_colon,Portuguese (Brazil),values-pt-rBR,Phase (STP):,Phase (STP):,YES
pro_plus_rewards,Portuguese (Brazil),values-pt-rBR,PRO+ Rewards: %s,PRO+ Rewards: %s,YES
pro_plus_user,Portuguese (Brazil),values-pt-rBR,PRO+ USER,PRO+ USER,YES
pro_plus_version,Portuguese (Brazil),values-pt-rBR,PRO+ Version,PRO+ Version,YES
pro_user,Portuguese (Brazil),values-pt-rBR,PRO USER,PRO USER,YES
pro_version,Portuguese (Brazil),values-pt-rBR,PRO Version,PRO Version,YES
progress_xp,Portuguese (Brazil),values-pt-rBR,%1$d/%2$d,%1$d/%2$d,YES
question_text,Portuguese (Brazil),values-pt-rBR,Question text,Question text,YES
questions_correct_xp,Portuguese (Brazil),values-pt-rBR,Questions Correct: +%dxp,Questions Correct: +%dxp,YES
rate,Portuguese (Brazil),values-pt-rBR,Rate,Rate,YES
rate_app,Portuguese (Brazil),values-pt-rBR,Rate App,Rate App,YES
rate_app_description,Portuguese (Brazil),values-pt-rBR,"Let us know what you think of the app, by rating it on the Play Store!","Let us know what you think of the app, by rating it on the Play Store!",YES
reaction_balancer,Portuguese (Brazil),values-pt-rBR,Reaction Balancer:,Reaction Balancer:,YES
score_summary,Portuguese (Brazil),values-pt-rBR,Score: %1$d/%2$d,Score: %1$d/%2$d,YES
searches,Portuguese (Brazil),values-pt-rBR,Searches,Searches,YES
solubility_table,Portuguese (Brazil),values-pt-rBR,Solubility Table,Solubility Table,YES
specific_heat_capacity_colon,Portuguese (Brazil),values-pt-rBR,Specific Heat Capacity:,Specific Heat Capacity:,YES
streak_label,Portuguese (Brazil),values-pt-rBR,Streak: ,Streak: ,YES
time_up,Portuguese (Brazil),values-pt-rBR,Time\'s Up,Time\'s Up,YES
tools,Portuguese (Brazil),values-pt-rBR,Tools,Tools,YES
total_xp_stat,Portuguese (Brazil),values-pt-rBR,Total XP: %d,Total XP: %d,YES
type_label,Portuguese (Brazil),values-pt-rBR,Type: ,Type: ,YES
unit_conversion_format,Portuguese (Brazil),values-pt-rBR,%1$s %2$s → %3$s %4$s (%5$s),%1$s %2$s → %3$s %4$s (%5$s),YES
unlock_advanced_data_and_additional_flashcards,Portuguese (Brazil),values-pt-rBR,Unlock advanced data and additional flashcards.,Unlock advanced data and additional flashcards.,YES
unlock_advanced_data_and_extra_atomic_content,Portuguese (Brazil),values-pt-rBR,Unlock advanced data and extra Atomic content.,Unlock advanced data and extra Atomic content.,YES
usage_statistics,Portuguese (Brazil),values-pt-rBR,Usage Statistics,Usage Statistics,YES
vaporization_heat_colon,Portuguese (Brazil),values-pt-rBR,Vaporization Heat:,Vaporization Heat:,YES
wrong,Portuguese (Brazil),values-pt-rBR,Wrong,Wrong,YES
xp_bonus,Portuguese (Brazil),values-pt-rBR,+%d%% bonus xp,+%d%% bonus xp,YES
you_have_full_lives,Portuguese (Brazil),values-pt-rBR,You have full lives!,You have full lives!,YES
your_answer,Portuguese (Brazil),values-pt-rBR,Your answer: %s,Your answer: %s,YES
app_name,Swedish,values-sv-rSE,Atomic,Atomic,YES
pro_price_discount,Swedish,values-sv-rSE,pro_price_discount,pro_price_discount,YES
kelvin,Swedish,values-sv-rSE,Kelvin,Kelvin,YES
celsius,Swedish,values-sv-rSE,Celsius,Celsius,YES
fahrenheit,Swedish,values-sv-rSE,Fahrenheit,Fahrenheit,YES
info_title,Swedish,values-sv-rSE,Information,Information,YES
git_title,Swedish,values-sv-rSE,Github,Github,YES
activity_ph_neutral,Swedish,values-sv-rSE,Neutral,Neutral,YES
short_voltage,Swedish,values-sv-rSE, (Volt), (Volt),YES
wikipedia_license,Swedish,values-sv-rSE,Wikipedia Commons,Wikipedia Commons,YES
sothree_license,Swedish,values-sv-rSE,Android Sliding Up Panel,Android Sliding Up Panel,YES
sothree_license_text,Swedish,values-sv-rSE,"Copyright 2015 Anton Lopyrev\n\nLicensed under the Apache License, Version 2.0 (the ""License"");you may not use this file except in compliance with the License.You may obtain a copy of the License at
    \n\nhttp://www.apache.org/licenses/LICENSE-2.0\n\n   Unless required by applicable law or agreed to in writing, softwaredistributed under the License is distributed on an ""AS IS"" BASIS, WITHOUT WARRANTIES OR CONDITIONS OF ANY KIND, either express or implied.See the License for the specific language governing permissions andlimitations under the License.","Copyright 2015 Anton Lopyrev\n\nLicensed under the Apache License, Version 2.0 (the ""License"");you may not use this file except in compliance with the License.You may obtain a copy of the License at
    \n\nhttp://www.apache.org/licenses/LICENSE-2.0\n\n   Unless required by applicable law or agreed to in writing, softwaredistributed under the License is distributed on an ""AS IS"" BASIS, WITHOUT WARRANTIES OR CONDITIONS OF ANY KIND, either express or implied.See the License for the specific language governing permissions andlimitations under the License.",YES
fla,Swedish,values-sv-rSE,Flashcards,Flashcards,YES
flashcards_title,Swedish,values-sv-rSE,Flashcards,Flashcards,YES
progress_text_placeholder,Swedish,values-sv-rSE,50/500,50/500,YES
block,Swedish,values-sv-rSE,Block,Block,YES
pro_plus_badge,Swedish,values-sv-rSE,PRO+,PRO+,YES
lives_count_placeholder,Swedish,values-sv-rSE,5,5,YES
level_stat_placeholder,Swedish,values-sv-rSE,---,---,YES
completed_quizzes_stat_placeholder,Swedish,values-sv-rSE,---,---,YES
reward_5pct_title,Swedish,values-sv-rSE,+5% XP bonus,+5% XP bonus,YES
credits_giancarlo,Swedish,values-sv-rSE,Giancarlo Mérida,Giancarlo Mérida,YES
credits_electro_boy,Swedish,values-sv-rSE,ElectroBoy10,ElectroBoy10,YES
get_pro_short,Swedish,values-sv-rSE,PRO,PRO,YES
achievement_reached_prefix,Swedish,values-sv-rSE,Achievement reached: ,Achievement reached: ,YES
additional_data_item,Swedish,values-sv-rSE,- Additional Data:,- Additional Data:,YES
additional_flashcards_games,Swedish,values-sv-rSE,Additional Flashcards games:,Additional Flashcards games:,YES
additional_properties_requires_pro,Swedish,values-sv-rSE,Additional properties requires PRO-version. Get PRO to unlock more data and tables:,Additional properties requires PRO-version. Get PRO to unlock more data and tables:,YES
additional_tables_item,Swedish,values-sv-rSE,- Additional Tables:,- Additional Tables:,YES
all_core_features,Swedish,values-sv-rSE,All Core Features,All Core Features,YES
and_more_item,Swedish,values-sv-rSE,- And more,- And more,YES
appearance_colon,Swedish,values-sv-rSE,Appearance:,Appearance:,YES
atomic_mass_colon,Swedish,values-sv-rSE,Atomic Mass:,Atomic Mass:,YES
atomic_number_label,Swedish,values-sv-rSE,Atomic Number:,Atomic Number:,YES
atomic_radius_calculated_colon,Swedish,values-sv-rSE,Atomic Radius (Calculated):,Atomic Radius (Calculated):,YES
atomic_radius_empirical_colon,Swedish,values-sv-rSE,Atomic Radius (Empirical):,Atomic Radius (Empirical):,YES
atomic_weight_relative_atomic_mass,Swedish,values-sv-rSE,Atomic Weight (Relative Atomic Mass):,Atomic Weight (Relative Atomic Mass):,YES
balance_equation,Swedish,values-sv-rSE,Balance equation:,Balance equation:,YES
balance_equation_colon,Swedish,values-sv-rSE,Balance equation:,Balance equation:,YES
block_colon,Swedish,values-sv-rSE,Block:,Block:,YES
boiling_point_colon,Swedish,values-sv-rSE,Boiling Point:,Boiling Point:,YES
brinell_hardness_colon,Swedish,values-sv-rSE,Brinell hardness:,Brinell hardness:,YES
calculations,Swedish,values-sv-rSE,Calculations,Calculations,YES
calculations_stat,Swedish,values-sv-rSE,Calculations,Calculations,YES
card_order,Swedish,values-sv-rSE,Card Order,Card Order,YES
color_label,Swedish,values-sv-rSE,Color: ,Color: ,YES
constants_table_label,Swedish,values-sv-rSE,Constants Table:,Constants Table:,YES
correct,Swedish,values-sv-rSE,Correct,Correct,YES
correct_answer,Swedish,values-sv-rSE,Correct answer: %s,Correct answer: %s,YES
cristal_structure_label,Swedish,values-sv-rSE,Cristal Structure: ,Cristal Structure: ,YES
currently_no_favorites,Swedish,values-sv-rSE,Currently no favorites,Currently no favorites,YES
density_colon,Swedish,values-sv-rSE,Density:,Density:,YES
density_label,Swedish,values-sv-rSE,Density: ,Density: ,YES
electron_shell_colon,Swedish,values-sv-rSE,Electron Shell:,Electron Shell:,YES
electronegativity_colon,Swedish,values-sv-rSE,Electronegativity:,Electronegativity:,YES
elements_included_will_be_shown_here,Swedish,values-sv-rSE,Elements included will be shown here,Elements included will be shown here,YES
elements_opened,Swedish,values-sv-rSE,Elements opened,Elements opened,YES
emission_spectrum_colon,Swedish,values-sv-rSE,Emission Spectrum:,Emission Spectrum:,YES
enable_zoom_in_tables,Swedish,values-sv-rSE,Enable Zoom in tables,Enable Zoom in tables,YES
experimental,Swedish,values-sv-rSE,Experimental,Experimental,YES
favorites_colon,Swedish,values-sv-rSE,Favorites:,Favorites:,YES
fifty_lives_in_flashcards,Swedish,values-sv-rSE,50 lives in Flashcards:,50 lives in Flashcards:,YES
finished_game_xp,Swedish,values-sv-rSE,Finished Game: +%dxp,Finished Game: +%dxp,YES
formula_will_be_displayed_here,Swedish,values-sv-rSE,Formula will be displayed here,Formula will be displayed here,YES
fusion_heat_colon,Swedish,values-sv-rSE,Fusion heat:,Fusion heat:,YES
game_results,Swedish,values-sv-rSE,Game Results,Game Results,YES
get_pro_button,Swedish,values-sv-rSE,Get PRO,Get PRO,YES
get_pro_plus_button,Swedish,values-sv-rSE,Get PRO+,Get PRO+,YES
go_online_for_emission_lines,Swedish,values-sv-rSE,Go online for emission lines,Go online for emission lines,YES
go_pro_more_features,Swedish,values-sv-rSE,Go Pro - more features,Go Pro - more features,YES
go_pro_school_start_sale,Swedish,values-sv-rSE,GO PRO - SCHOOL START SALE,GO PRO - SCHOOL START SALE,YES
group_label,Swedish,values-sv-rSE,Group: ,Group: ,YES
hardness_label,Swedish,values-sv-rSE,Hardness: ,Hardness: ,YES
isotopes_table_description,Swedish,values-sv-rSE,"A table with isotopes for different elements as well as half-time, mass, proton, neutron and nucleons data.","A table with isotopes for different elements as well as half-time, mass, proton, neutron and nucleons data.",YES
level_x_y,Swedish,values-sv-rSE,Level X-Y,Level X-Y,YES
lives_label,Swedish,values-sv-rSE,Lives: %s,Lives: %s,YES
lives_lost_detail,Swedish,values-sv-rSE,Lives lost: %1$d (%2$d per wrong/timeout answer),Lives lost: %1$d (%2$d per wrong/timeout answer),YES
lives_unlimited,Swedish,values-sv-rSE,Lives: ∞,Lives: ∞,YES
magnetism_label,Swedish,values-sv-rSE,Magnetism: ,Magnetism: ,YES
melting_point_colon,Swedish,values-sv-rSE,Melting Point:,Melting Point:,YES
most_advanced,Swedish,values-sv-rSE,Most advanced,Most advanced,YES
new_label,Swedish,values-sv-rSE,NEW,NEW,YES
next_life_in,Swedish,values-sv-rSE,Next life in %1$d minutes and %2$d seconds.\nYou will gain %3$d life%4$s.,Next life in %1$d minutes and %2$d seconds.\nYou will gain %3$d life%4$s.,YES
no_image,Swedish,values-sv-rSE,No Image,No Image,YES
non_pro,Swedish,values-sv-rSE,NON-PRO,NON-PRO,YES
option_placeholder,Swedish,values-sv-rSE,Option %d,Option %d,YES
out_of_lives_hours,Swedish,values-sv-rSE,"Out of lives! More lives in %1$d hours, %2$d minutes and %3$d seconds.","Out of lives! More lives in %1$d hours, %2$d minutes and %3$d seconds.",YES
out_of_lives_minutes,Swedish,values-sv-rSE,Out of lives! More lives in %1$d minutes and %2$d seconds.,Out of lives! More lives in %1$d minutes and %2$d seconds.,YES
perfect_all_correct_xp,Swedish,values-sv-rSE,Perfect (All Correct): +%dxp,Perfect (All Correct): +%dxp,YES
phase_stp_colon,Swedish,values-sv-rSE,Phase (STP):,Phase (STP):,YES
pro_plus_rewards,Swedish,values-sv-rSE,PRO+ Rewards: %s,PRO+ Rewards: %s,YES
pro_plus_user,Swedish,values-sv-rSE,PRO+ USER,PRO+ USER,YES
pro_plus_version,Swedish,values-sv-rSE,PRO+ Version,PRO+ Version,YES
pro_user,Swedish,values-sv-rSE,PRO USER,PRO USER,YES
pro_version,Swedish,values-sv-rSE,PRO Version,PRO Version,YES
progress_xp,Swedish,values-sv-rSE,%1$d/%2$d,%1$d/%2$d,YES
question_text,Swedish,values-sv-rSE,Question text,Question text,YES
questions_correct_xp,Swedish,values-sv-rSE,Questions Correct: +%dxp,Questions Correct: +%dxp,YES
rate,Swedish,values-sv-rSE,Rate,Rate,YES
rate_app,Swedish,values-sv-rSE,Rate App,Rate App,YES
rate_app_description,Swedish,values-sv-rSE,"Let us know what you think of the app, by rating it on the Play Store!","Let us know what you think of the app, by rating it on the Play Store!",YES
reaction_balancer,Swedish,values-sv-rSE,Reaction Balancer:,Reaction Balancer:,YES
score_summary,Swedish,values-sv-rSE,Score: %1$d/%2$d,Score: %1$d/%2$d,YES
searches,Swedish,values-sv-rSE,Searches,Searches,YES
solubility_table,Swedish,values-sv-rSE,Solubility Table,Solubility Table,YES
specific_heat_capacity_colon,Swedish,values-sv-rSE,Specific Heat Capacity:,Specific Heat Capacity:,YES
streak_label,Swedish,values-sv-rSE,Streak: ,Streak: ,YES
time_up,Swedish,values-sv-rSE,Time\'s Up,Time\'s Up,YES
tools,Swedish,values-sv-rSE,Tools,Tools,YES
total_xp_stat,Swedish,values-sv-rSE,Total XP: %d,Total XP: %d,YES
type_label,Swedish,values-sv-rSE,Type: ,Type: ,YES
unit_conversion_format,Swedish,values-sv-rSE,%1$s %2$s → %3$s %4$s (%5$s),%1$s %2$s → %3$s %4$s (%5$s),YES
unlock_advanced_data_and_additional_flashcards,Swedish,values-sv-rSE,Unlock advanced data and additional flashcards.,Unlock advanced data and additional flashcards.,YES
unlock_advanced_data_and_extra_atomic_content,Swedish,values-sv-rSE,Unlock advanced data and extra Atomic content.,Unlock advanced data and extra Atomic content.,YES
usage_statistics,Swedish,values-sv-rSE,Usage Statistics,Usage Statistics,YES
vaporization_heat_colon,Swedish,values-sv-rSE,Vaporization Heat:,Vaporization Heat:,YES
wrong,Swedish,values-sv-rSE,Wrong,Wrong,YES
xp_bonus,Swedish,values-sv-rSE,+%d%% bonus xp,+%d%% bonus xp,YES
you_have_full_lives,Swedish,values-sv-rSE,You have full lives!,You have full lives!,YES
your_answer,Swedish,values-sv-rSE,Your answer: %s,Your answer: %s,YES
pro_price_discount,Urdu (India),values-ur-rIN,pro_price_discount,pro_price_discount,YES
sources_wwe_text,Urdu (India),values-ur-rIN,"Mackenzie L. Davis, (2019). Water and wastewater Engineering: Design Principles and Practise, second edition. ISBN: 978-1-260-13227-4","Mackenzie L. Davis, (2019). Water and wastewater Engineering: Design Principles and Practise, second edition. ISBN: 978-1-260-13227-4",YES
clear_cache_text,Urdu (India),values-ur-rIN,cache_size,cache_size,YES
progress_text_placeholder,Urdu (India),values-ur-rIN,50/500,50/500,YES
lives_count_placeholder,Urdu (India),values-ur-rIN,5,5,YES
level_stat_placeholder,Urdu (India),values-ur-rIN,---,---,YES
completed_quizzes_stat_placeholder,Urdu (India),values-ur-rIN,---,---,YES
credits_giancarlo,Urdu (India),values-ur-rIN,Giancarlo Mérida,Giancarlo Mérida,YES
credits_electro_boy,Urdu (India),values-ur-rIN,ElectroBoy10,ElectroBoy10,YES
get_pro_short,Urdu (India),values-ur-rIN,PRO,PRO,YES
achievement_reached_prefix,Urdu (India),values-ur-rIN,Achievement reached: ,Achievement reached: ,YES
additional_data_item,Urdu (India),values-ur-rIN,- Additional Data:,- Additional Data:,YES
additional_flashcards_games,Urdu (India),values-ur-rIN,Additional Flashcards games:,Additional Flashcards games:,YES
additional_properties_requires_pro,Urdu (India),values-ur-rIN,Additional properties requires PRO-version. Get PRO to unlock more data and tables:,Additional properties requires PRO-version. Get PRO to unlock more data and tables:,YES
additional_tables_item,Urdu (India),values-ur-rIN,- Additional Tables:,- Additional Tables:,YES
all_core_features,Urdu (India),values-ur-rIN,All Core Features,All Core Features,YES
and_more_item,Urdu (India),values-ur-rIN,- And more,- And more,YES
appearance_colon,Urdu (India),values-ur-rIN,Appearance:,Appearance:,YES
atomic_mass_colon,Urdu (India),values-ur-rIN,Atomic Mass:,Atomic Mass:,YES
atomic_number_label,Urdu (India),values-ur-rIN,Atomic Number:,Atomic Number:,YES
atomic_radius_calculated_colon,Urdu (India),values-ur-rIN,Atomic Radius (Calculated):,Atomic Radius (Calculated):,YES
atomic_radius_empirical_colon,Urdu (India),values-ur-rIN,Atomic Radius (Empirical):,Atomic Radius (Empirical):,YES
atomic_weight_relative_atomic_mass,Urdu (India),values-ur-rIN,Atomic Weight (Relative Atomic Mass):,Atomic Weight (Relative Atomic Mass):,YES
balance_equation,Urdu (India),values-ur-rIN,Balance equation:,Balance equation:,YES
balance_equation_colon,Urdu (India),values-ur-rIN,Balance equation:,Balance equation:,YES
block_colon,Urdu (India),values-ur-rIN,Block:,Block:,YES
boiling_point_colon,Urdu (India),values-ur-rIN,Boiling Point:,Boiling Point:,YES
brinell_hardness_colon,Urdu (India),values-ur-rIN,Brinell hardness:,Brinell hardness:,YES
calculations,Urdu (India),values-ur-rIN,Calculations,Calculations,YES
calculations_stat,Urdu (India),values-ur-rIN,Calculations,Calculations,YES
card_order,Urdu (India),values-ur-rIN,Card Order,Card Order,YES
color_label,Urdu (India),values-ur-rIN,Color: ,Color: ,YES
constants_table_label,Urdu (India),values-ur-rIN,Constants Table:,Constants Table:,YES
correct,Urdu (India),values-ur-rIN,Correct,Correct,YES
correct_answer,Urdu (India),values-ur-rIN,Correct answer: %s,Correct answer: %s,YES
cristal_structure_label,Urdu (India),values-ur-rIN,Cristal Structure: ,Cristal Structure: ,YES
currently_no_favorites,Urdu (India),values-ur-rIN,Currently no favorites,Currently no favorites,YES
density_colon,Urdu (India),values-ur-rIN,Density:,Density:,YES
density_label,Urdu (India),values-ur-rIN,Density: ,Density: ,YES
electron_shell_colon,Urdu (India),values-ur-rIN,Electron Shell:,Electron Shell:,YES
electronegativity_colon,Urdu (India),values-ur-rIN,Electronegativity:,Electronegativity:,YES
elements_included_will_be_shown_here,Urdu (India),values-ur-rIN,Elements included will be shown here,Elements included will be shown here,YES
elements_opened,Urdu (India),values-ur-rIN,Elements opened,Elements opened,YES
emission_spectrum_colon,Urdu (India),values-ur-rIN,Emission Spectrum:,Emission Spectrum:,YES
enable_zoom_in_tables,Urdu (India),values-ur-rIN,Enable Zoom in tables,Enable Zoom in tables,YES
experimental,Urdu (India),values-ur-rIN,Experimental,Experimental,YES
favorites_colon,Urdu (India),values-ur-rIN,Favorites:,Favorites:,YES
fifty_lives_in_flashcards,Urdu (India),values-ur-rIN,50 lives in Flashcards:,50 lives in Flashcards:,YES
finished_game_xp,Urdu (India),values-ur-rIN,Finished Game: +%dxp,Finished Game: +%dxp,YES
formula_will_be_displayed_here,Urdu (India),values-ur-rIN,Formula will be displayed here,Formula will be displayed here,YES
fusion_heat_colon,Urdu (India),values-ur-rIN,Fusion heat:,Fusion heat:,YES
game_results,Urdu (India),values-ur-rIN,Game Results,Game Results,YES
get_pro_button,Urdu (India),values-ur-rIN,Get PRO,Get PRO,YES
get_pro_plus_button,Urdu (India),values-ur-rIN,Get PRO+,Get PRO+,YES
go_online_for_emission_lines,Urdu (India),values-ur-rIN,Go online for emission lines,Go online for emission lines,YES
go_pro_more_features,Urdu (India),values-ur-rIN,Go Pro - more features,Go Pro - more features,YES
go_pro_school_start_sale,Urdu (India),values-ur-rIN,GO PRO - SCHOOL START SALE,GO PRO - SCHOOL START SALE,YES
group_label,Urdu (India),values-ur-rIN,Group: ,Group: ,YES
hardness_label,Urdu (India),values-ur-rIN,Hardness: ,Hardness: ,YES
isotopes_table_description,Urdu (India),values-ur-rIN,"A table with isotopes for different elements as well as half-time, mass, proton, neutron and nucleons data.","A table with isotopes for different elements as well as half-time, mass, proton, neutron and nucleons data.",YES
level_x_y,Urdu (India),values-ur-rIN,Level X-Y,Level X-Y,YES
lives_label,Urdu (India),values-ur-rIN,Lives: %s,Lives: %s,YES
lives_lost_detail,Urdu (India),values-ur-rIN,Lives lost: %1$d (%2$d per wrong/timeout answer),Lives lost: %1$d (%2$d per wrong/timeout answer),YES
lives_unlimited,Urdu (India),values-ur-rIN,Lives: ∞,Lives: ∞,YES
magnetism_label,Urdu (India),values-ur-rIN,Magnetism: ,Magnetism: ,YES
melting_point_colon,Urdu (India),values-ur-rIN,Melting Point:,Melting Point:,YES
most_advanced,Urdu (India),values-ur-rIN,Most advanced,Most advanced,YES
new_label,Urdu (India),values-ur-rIN,NEW,NEW,YES
next_life_in,Urdu (India),values-ur-rIN,Next life in %1$d minutes and %2$d seconds.\nYou will gain %3$d life%4$s.,Next life in %1$d minutes and %2$d seconds.\nYou will gain %3$d life%4$s.,YES
no_image,Urdu (India),values-ur-rIN,No Image,No Image,YES
non_pro,Urdu (India),values-ur-rIN,NON-PRO,NON-PRO,YES
option_placeholder,Urdu (India),values-ur-rIN,Option %d,Option %d,YES
out_of_lives_hours,Urdu (India),values-ur-rIN,"Out of lives! More lives in %1$d hours, %2$d minutes and %3$d seconds.","Out of lives! More lives in %1$d hours, %2$d minutes and %3$d seconds.",YES
out_of_lives_minutes,Urdu (India),values-ur-rIN,Out of lives! More lives in %1$d minutes and %2$d seconds.,Out of lives! More lives in %1$d minutes and %2$d seconds.,YES
perfect_all_correct_xp,Urdu (India),values-ur-rIN,Perfect (All Correct): +%dxp,Perfect (All Correct): +%dxp,YES
phase_stp_colon,Urdu (India),values-ur-rIN,Phase (STP):,Phase (STP):,YES
pro_plus_rewards,Urdu (India),values-ur-rIN,PRO+ Rewards: %s,PRO+ Rewards: %s,YES
pro_plus_user,Urdu (India),values-ur-rIN,PRO+ USER,PRO+ USER,YES
pro_plus_version,Urdu (India),values-ur-rIN,PRO+ Version,PRO+ Version,YES
pro_user,Urdu (India),values-ur-rIN,PRO USER,PRO USER,YES
pro_version,Urdu (India),values-ur-rIN,PRO Version,PRO Version,YES
progress_xp,Urdu (India),values-ur-rIN,%1$d/%2$d,%1$d/%2$d,YES
question_text,Urdu (India),values-ur-rIN,Question text,Question text,YES
questions_correct_xp,Urdu (India),values-ur-rIN,Questions Correct: +%dxp,Questions Correct: +%dxp,YES
rate,Urdu (India),values-ur-rIN,Rate,Rate,YES
rate_app,Urdu (India),values-ur-rIN,Rate App,Rate App,YES
rate_app_description,Urdu (India),values-ur-rIN,"Let us know what you think of the app, by rating it on the Play Store!","Let us know what you think of the app, by rating it on the Play Store!",YES
reaction_balancer,Urdu (India),values-ur-rIN,Reaction Balancer:,Reaction Balancer:,YES
score_summary,Urdu (India),values-ur-rIN,Score: %1$d/%2$d,Score: %1$d/%2$d,YES
searches,Urdu (India),values-ur-rIN,Searches,Searches,YES
solubility_table,Urdu (India),values-ur-rIN,Solubility Table,Solubility Table,YES
specific_heat_capacity_colon,Urdu (India),values-ur-rIN,Specific Heat Capacity:,Specific Heat Capacity:,YES
streak_label,Urdu (India),values-ur-rIN,Streak: ,Streak: ,YES
time_up,Urdu (India),values-ur-rIN,Time\'s Up,Time\'s Up,YES
tools,Urdu (India),values-ur-rIN,Tools,Tools,YES
total_xp_stat,Urdu (India),values-ur-rIN,Total XP: %d,Total XP: %d,YES
type_label,Urdu (India),values-ur-rIN,Type: ,Type: ,YES
unit_conversion_format,Urdu (India),values-ur-rIN,%1$s %2$s → %3$s %4$s (%5$s),%1$s %2$s → %3$s %4$s (%5$s),YES
unlock_advanced_data_and_additional_flashcards,Urdu (India),values-ur-rIN,Unlock advanced data and additional flashcards.,Unlock advanced data and additional flashcards.,YES
unlock_advanced_data_and_extra_atomic_content,Urdu (India),values-ur-rIN,Unlock advanced data and extra Atomic content.,Unlock advanced data and extra Atomic content.,YES
usage_statistics,Urdu (India),values-ur-rIN,Usage Statistics,Usage Statistics,YES
vaporization_heat_colon,Urdu (India),values-ur-rIN,Vaporization Heat:,Vaporization Heat:,YES
wrong,Urdu (India),values-ur-rIN,Wrong,Wrong,YES
xp_bonus,Urdu (India),values-ur-rIN,+%d%% bonus xp,+%d%% bonus xp,YES
you_have_full_lives,Urdu (India),values-ur-rIN,You have full lives!,You have full lives!,YES
your_answer,Urdu (India),values-ur-rIN,Your answer: %s,Your answer: %s,YES
pro_price_discount,Urdu (Pakistan),values-ur-rPK,pro_price_discount,pro_price_discount,YES
sources_wwe_text,Urdu (Pakistan),values-ur-rPK,"Mackenzie L. Davis, (2019). Water and wastewater Engineering: Design Principles and Practise, second edition. ISBN: 978-1-260-13227-4","Mackenzie L. Davis, (2019). Water and wastewater Engineering: Design Principles and Practise, second edition. ISBN: 978-1-260-13227-4",YES
clear_cache_text,Urdu (Pakistan),values-ur-rPK,cache_size,cache_size,YES
progress_text_placeholder,Urdu (Pakistan),values-ur-rPK,50/500,50/500,YES
lives_count_placeholder,Urdu (Pakistan),values-ur-rPK,5,5,YES
level_stat_placeholder,Urdu (Pakistan),values-ur-rPK,---,---,YES
completed_quizzes_stat_placeholder,Urdu (Pakistan),values-ur-rPK,---,---,YES
credits_giancarlo,Urdu (Pakistan),values-ur-rPK,Giancarlo Mérida,Giancarlo Mérida,YES
credits_electro_boy,Urdu (Pakistan),values-ur-rPK,ElectroBoy10,ElectroBoy10,YES
get_pro_short,Urdu (Pakistan),values-ur-rPK,PRO,PRO,YES
achievement_reached_prefix,Urdu (Pakistan),values-ur-rPK,Achievement reached: ,Achievement reached: ,YES
additional_data_item,Urdu (Pakistan),values-ur-rPK,- Additional Data:,- Additional Data:,YES
additional_flashcards_games,Urdu (Pakistan),values-ur-rPK,Additional Flashcards games:,Additional Flashcards games:,YES
additional_properties_requires_pro,Urdu (Pakistan),values-ur-rPK,Additional properties requires PRO-version. Get PRO to unlock more data and tables:,Additional properties requires PRO-version. Get PRO to unlock more data and tables:,YES
additional_tables_item,Urdu (Pakistan),values-ur-rPK,- Additional Tables:,- Additional Tables:,YES
all_core_features,Urdu (Pakistan),values-ur-rPK,All Core Features,All Core Features,YES
and_more_item,Urdu (Pakistan),values-ur-rPK,- And more,- And more,YES
appearance_colon,Urdu (Pakistan),values-ur-rPK,Appearance:,Appearance:,YES
atomic_mass_colon,Urdu (Pakistan),values-ur-rPK,Atomic Mass:,Atomic Mass:,YES
atomic_number_label,Urdu (Pakistan),values-ur-rPK,Atomic Number:,Atomic Number:,YES
atomic_radius_calculated_colon,Urdu (Pakistan),values-ur-rPK,Atomic Radius (Calculated):,Atomic Radius (Calculated):,YES
atomic_radius_empirical_colon,Urdu (Pakistan),values-ur-rPK,Atomic Radius (Empirical):,Atomic Radius (Empirical):,YES
atomic_weight_relative_atomic_mass,Urdu (Pakistan),values-ur-rPK,Atomic Weight (Relative Atomic Mass):,Atomic Weight (Relative Atomic Mass):,YES
balance_equation,Urdu (Pakistan),values-ur-rPK,Balance equation:,Balance equation:,YES
balance_equation_colon,Urdu (Pakistan),values-ur-rPK,Balance equation:,Balance equation:,YES
block_colon,Urdu (Pakistan),values-ur-rPK,Block:,Block:,YES
boiling_point_colon,Urdu (Pakistan),values-ur-rPK,Boiling Point:,Boiling Point:,YES
brinell_hardness_colon,Urdu (Pakistan),values-ur-rPK,Brinell hardness:,Brinell hardness:,YES
calculations,Urdu (Pakistan),values-ur-rPK,Calculations,Calculations,YES
calculations_stat,Urdu (Pakistan),values-ur-rPK,Calculations,Calculations,YES
card_order,Urdu (Pakistan),values-ur-rPK,Card Order,Card Order,YES
color_label,Urdu (Pakistan),values-ur-rPK,Color: ,Color: ,YES
constants_table_label,Urdu (Pakistan),values-ur-rPK,Constants Table:,Constants Table:,YES
correct,Urdu (Pakistan),values-ur-rPK,Correct,Correct,YES
correct_answer,Urdu (Pakistan),values-ur-rPK,Correct answer: %s,Correct answer: %s,YES
cristal_structure_label,Urdu (Pakistan),values-ur-rPK,Cristal Structure: ,Cristal Structure: ,YES
currently_no_favorites,Urdu (Pakistan),values-ur-rPK,Currently no favorites,Currently no favorites,YES
density_colon,Urdu (Pakistan),values-ur-rPK,Density:,Density:,YES
density_label,Urdu (Pakistan),values-ur-rPK,Density: ,Density: ,YES
electron_shell_colon,Urdu (Pakistan),values-ur-rPK,Electron Shell:,Electron Shell:,YES
electronegativity_colon,Urdu (Pakistan),values-ur-rPK,Electronegativity:,Electronegativity:,YES
elements_included_will_be_shown_here,Urdu (Pakistan),values-ur-rPK,Elements included will be shown here,Elements included will be shown here,YES
elements_opened,Urdu (Pakistan),values-ur-rPK,Elements opened,Elements opened,YES
emission_spectrum_colon,Urdu (Pakistan),values-ur-rPK,Emission Spectrum:,Emission Spectrum:,YES
enable_zoom_in_tables,Urdu (Pakistan),values-ur-rPK,Enable Zoom in tables,Enable Zoom in tables,YES
experimental,Urdu (Pakistan),values-ur-rPK,Experimental,Experimental,YES
favorites_colon,Urdu (Pakistan),values-ur-rPK,Favorites:,Favorites:,YES
fifty_lives_in_flashcards,Urdu (Pakistan),values-ur-rPK,50 lives in Flashcards:,50 lives in Flashcards:,YES
finished_game_xp,Urdu (Pakistan),values-ur-rPK,Finished Game: +%dxp,Finished Game: +%dxp,YES
formula_will_be_displayed_here,Urdu (Pakistan),values-ur-rPK,Formula will be displayed here,Formula will be displayed here,YES
fusion_heat_colon,Urdu (Pakistan),values-ur-rPK,Fusion heat:,Fusion heat:,YES
game_results,Urdu (Pakistan),values-ur-rPK,Game Results,Game Results,YES
get_pro_button,Urdu (Pakistan),values-ur-rPK,Get PRO,Get PRO,YES
get_pro_plus_button,Urdu (Pakistan),values-ur-rPK,Get PRO+,Get PRO+,YES
go_online_for_emission_lines,Urdu (Pakistan),values-ur-rPK,Go online for emission lines,Go online for emission lines,YES
go_pro_more_features,Urdu (Pakistan),values-ur-rPK,Go Pro - more features,Go Pro - more features,YES
go_pro_school_start_sale,Urdu (Pakistan),values-ur-rPK,GO PRO - SCHOOL START SALE,GO PRO - SCHOOL START SALE,YES
group_label,Urdu (Pakistan),values-ur-rPK,Group: ,Group: ,YES
hardness_label,Urdu (Pakistan),values-ur-rPK,Hardness: ,Hardness: ,YES
isotopes_table_description,Urdu (Pakistan),values-ur-rPK,"A table with isotopes for different elements as well as half-time, mass, proton, neutron and nucleons data.","A table with isotopes for different elements as well as half-time, mass, proton, neutron and nucleons data.",YES
level_x_y,Urdu (Pakistan),values-ur-rPK,Level X-Y,Level X-Y,YES
lives_label,Urdu (Pakistan),values-ur-rPK,Lives: %s,Lives: %s,YES
lives_lost_detail,Urdu (Pakistan),values-ur-rPK,Lives lost: %1$d (%2$d per wrong/timeout answer),Lives lost: %1$d (%2$d per wrong/timeout answer),YES
lives_unlimited,Urdu (Pakistan),values-ur-rPK,Lives: ∞,Lives: ∞,YES
magnetism_label,Urdu (Pakistan),values-ur-rPK,Magnetism: ,Magnetism: ,YES
melting_point_colon,Urdu (Pakistan),values-ur-rPK,Melting Point:,Melting Point:,YES
most_advanced,Urdu (Pakistan),values-ur-rPK,Most advanced,Most advanced,YES
new_label,Urdu (Pakistan),values-ur-rPK,NEW,NEW,YES
next_life_in,Urdu (Pakistan),values-ur-rPK,Next life in %1$d minutes and %2$d seconds.\nYou will gain %3$d life%4$s.,Next life in %1$d minutes and %2$d seconds.\nYou will gain %3$d life%4$s.,YES
no_image,Urdu (Pakistan),values-ur-rPK,No Image,No Image,YES
non_pro,Urdu (Pakistan),values-ur-rPK,NON-PRO,NON-PRO,YES
option_placeholder,Urdu (Pakistan),values-ur-rPK,Option %d,Option %d,YES
out_of_lives_hours,Urdu (Pakistan),values-ur-rPK,"Out of lives! More lives in %1$d hours, %2$d minutes and %3$d seconds.","Out of lives! More lives in %1$d hours, %2$d minutes and %3$d seconds.",YES
out_of_lives_minutes,Urdu (Pakistan),values-ur-rPK,Out of lives! More lives in %1$d minutes and %2$d seconds.,Out of lives! More lives in %1$d minutes and %2$d seconds.,YES
perfect_all_correct_xp,Urdu (Pakistan),values-ur-rPK,Perfect (All Correct): +%dxp,Perfect (All Correct): +%dxp,YES
phase_stp_colon,Urdu (Pakistan),values-ur-rPK,Phase (STP):,Phase (STP):,YES
pro_plus_rewards,Urdu (Pakistan),values-ur-rPK,PRO+ Rewards: %s,PRO+ Rewards: %s,YES
pro_plus_user,Urdu (Pakistan),values-ur-rPK,PRO+ USER,PRO+ USER,YES
pro_plus_version,Urdu (Pakistan),values-ur-rPK,PRO+ Version,PRO+ Version,YES
pro_user,Urdu (Pakistan),values-ur-rPK,PRO USER,PRO USER,YES
pro_version,Urdu (Pakistan),values-ur-rPK,PRO Version,PRO Version,YES
progress_xp,Urdu (Pakistan),values-ur-rPK,%1$d/%2$d,%1$d/%2$d,YES
question_text,Urdu (Pakistan),values-ur-rPK,Question text,Question text,YES
questions_correct_xp,Urdu (Pakistan),values-ur-rPK,Questions Correct: +%dxp,Questions Correct: +%dxp,YES
rate,Urdu (Pakistan),values-ur-rPK,Rate,Rate,YES
rate_app,Urdu (Pakistan),values-ur-rPK,Rate App,Rate App,YES
rate_app_description,Urdu (Pakistan),values-ur-rPK,"Let us know what you think of the app, by rating it on the Play Store!","Let us know what you think of the app, by rating it on the Play Store!",YES
reaction_balancer,Urdu (Pakistan),values-ur-rPK,Reaction Balancer:,Reaction Balancer:,YES
score_summary,Urdu (Pakistan),values-ur-rPK,Score: %1$d/%2$d,Score: %1$d/%2$d,YES
searches,Urdu (Pakistan),values-ur-rPK,Searches,Searches,YES
solubility_table,Urdu (Pakistan),values-ur-rPK,Solubility Table,Solubility Table,YES
specific_heat_capacity_colon,Urdu (Pakistan),values-ur-rPK,Specific Heat Capacity:,Specific Heat Capacity:,YES
streak_label,Urdu (Pakistan),values-ur-rPK,Streak: ,Streak: ,YES
time_up,Urdu (Pakistan),values-ur-rPK,Time\'s Up,Time\'s Up,YES
tools,Urdu (Pakistan),values-ur-rPK,Tools,Tools,YES
total_xp_stat,Urdu (Pakistan),values-ur-rPK,Total XP: %d,Total XP: %d,YES
type_label,Urdu (Pakistan),values-ur-rPK,Type: ,Type: ,YES
unit_conversion_format,Urdu (Pakistan),values-ur-rPK,%1$s %2$s → %3$s %4$s (%5$s),%1$s %2$s → %3$s %4$s (%5$s),YES
unlock_advanced_data_and_additional_flashcards,Urdu (Pakistan),values-ur-rPK,Unlock advanced data and additional flashcards.,Unlock advanced data and additional flashcards.,YES
unlock_advanced_data_and_extra_atomic_content,Urdu (Pakistan),values-ur-rPK,Unlock advanced data and extra Atomic content.,Unlock advanced data and extra Atomic content.,YES
usage_statistics,Urdu (Pakistan),values-ur-rPK,Usage Statistics,Usage Statistics,YES
vaporization_heat_colon,Urdu (Pakistan),values-ur-rPK,Vaporization Heat:,Vaporization Heat:,YES
wrong,Urdu (Pakistan),values-ur-rPK,Wrong,Wrong,YES
xp_bonus,Urdu (Pakistan),values-ur-rPK,+%d%% bonus xp,+%d%% bonus xp,YES
you_have_full_lives,Urdu (Pakistan),values-ur-rPK,You have full lives!,You have full lives!,YES
your_answer,Urdu (Pakistan),values-ur-rPK,Your answer: %s,Your answer: %s,YES
app_name,Chinese (Simplified),values-zh-rCN,Atomic,Atomic,YES
blog,Chinese (Simplified),values-zh-rCN,Blog,Blog,YES
pro_title,Chinese (Simplified),values-zh-rCN,PRO Version,PRO Version,YES
get_pro_title,Chinese (Simplified),values-zh-rCN,Get PRO Version,Get PRO Version,YES
pro_descr,Chinese (Simplified),values-zh-rCN,\'Atomic - Periodic Table\' is a free and open-source application made by me on my spare-time in Sweden. By purchasing the PRO-version you help support the development while also receiving additional data and features!,\'Atomic - Periodic Table\' is a free and open-source application made by me on my spare-time in Sweden. By purchasing the PRO-version you help support the development while also receiving additional data and features!,YES
member_title,Chinese (Simplified),values-zh-rCN,PRO Member Page,PRO Member Page,YES
member_desch,Chinese (Simplified),values-zh-rCN,Thanks for supporting the development of \'Atomic - Periodic Table\'. On this page information about your PRO perks will be available as more PRO features get added.,Thanks for supporting the development of \'Atomic - Periodic Table\'. On this page information about your PRO perks will be available as more PRO features get added.,YES
member_already,Chinese (Simplified),values-zh-rCN,You\'re a PRO member!,You\'re a PRO member!,YES
member_btn,Chinese (Simplified),values-zh-rCN,Your PRO Perks,Your PRO Perks,YES
pro_get_more_out,Chinese (Simplified),values-zh-rCN,Get more out of Atomic,Get more out of Atomic,YES
pro_features_title,Chinese (Simplified),values-zh-rCN,Features of PRO-Version:,Features of PRO-Version:,YES
pro_features_descr,Chinese (Simplified),values-zh-rCN,Explore some of the many features of the PRO-Version and what they include.,Explore some of the many features of the PRO-Version and what they include.,YES
pro_upgrade_to_pro,Chinese (Simplified),values-zh-rCN,Upgrade to PRO,Upgrade to PRO,YES
pro_additional_data,Chinese (Simplified),values-zh-rCN,Additional Data,Additional Data,YES
pro_additional_data_descr,Chinese (Simplified),values-zh-rCN,"Additional data such as hardness properties (mohs-, vickers-, and brinell hardness) as well as sound speed, Poisson Constant, Young\'s-, Bulk- and Shear modulus etc. Also information about identification of minerals.","Additional data such as hardness properties (mohs-, vickers-, and brinell hardness) as well as sound speed, Poisson Constant, Young\'s-, Bulk- and Shear modulus etc. Also information about identification of minerals.",YES
pro_additional_tables,Chinese (Simplified),values-zh-rCN,Additional Tables,Additional Tables,YES
pro_additional_tables_descr,Chinese (Simplified),values-zh-rCN,"Additional tables including a nuclide table, poisson\'s ratio table, constants table, geology table etc, with more coming in the future","Additional tables including a nuclide table, poisson\'s ratio table, constants table, geology table etc, with more coming in the future",YES
pro_better_calculator,Chinese (Simplified),values-zh-rCN,Better Calculator,Better Calculator,YES
pro_better_calculator_descr,Chinese (Simplified),values-zh-rCN,An enhanced calculator with the possibility to save molar weights of different compounds in the favorite page.,An enhanced calculator with the possibility to save molar weights of different compounds in the favorite page.,YES
pro_additional_flashcards,Chinese (Simplified),values-zh-rCN,Additional Flashcards and Sync,Additional Flashcards and Sync,YES
pro_additional_flashcards_descr,Chinese (Simplified),values-zh-rCN,"Access to additional flashcards, more lives and syncing of your progress","Access to additional flashcards, more lives and syncing of your progress",YES
pro_additional_visualisations,Chinese (Simplified),values-zh-rCN,Additional Visualisations,Additional Visualisations,YES
pro_additional_visualisations_descr,Chinese (Simplified),values-zh-rCN,"Access to more visualisations in the main table such as Poisson\'s Ratio, bulk modulus etc.","Access to more visualisations in the main table such as Poisson\'s Ratio, bulk modulus etc.",YES
pro_already_purchased_title,Chinese (Simplified),values-zh-rCN,Already purchased Atomic - Periodic Table PRO?,Already purchased Atomic - Periodic Table PRO?,YES
pro_already_purchased_check,Chinese (Simplified),values-zh-rCN,Check product on account,Check product on account,YES
pro_price_loading,Chinese (Simplified),values-zh-rCN,retrieving price...,retrieving price...,YES
pro_price_discount,Chinese (Simplified),values-zh-rCN,pro_price_discount,pro_price_discount,YES
element_description_title,Chinese (Simplified),values-zh-rCN,Description,Description,YES
element_more_title,Chinese (Simplified),values-zh-rCN,Additional Properties,Additional Properties,YES
element_speed_sound,Chinese (Simplified),values-zh-rCN,Speed of sound:,Speed of sound:,YES
element_elastic_modulus,Chinese (Simplified),values-zh-rCN,Elastic modulus:,Elastic modulus:,YES
element_young_modulus,Chinese (Simplified),values-zh-rCN,Young\'s modulus:,Young\'s modulus:,YES
element_shear_modulus,Chinese (Simplified),values-zh-rCN,Shear modulus:,Shear modulus:,YES
element_bulk_modulus,Chinese (Simplified),values-zh-rCN,Bulk modulus:,Bulk modulus:,YES
element_poisson_ratio,Chinese (Simplified),values-zh-rCN,Poisson\'s ratio:,Poisson\'s ratio:,YES
abundance_title,Chinese (Simplified),values-zh-rCN,Abundance,Abundance,YES
abundance_earth_crust,Chinese (Simplified),values-zh-rCN,In earth\'s crust,In earth\'s crust,YES
abundance_earth_soils,Chinese (Simplified),values-zh-rCN,In earth\'s soil,In earth\'s soil,YES
abundance_urban_soil,Chinese (Simplified),values-zh-rCN,In urban soil,In urban soil,YES
abundance_sea_water,Chinese (Simplified),values-zh-rCN,In sea water,In sea water,YES
abundance_crustal_rocks,Chinese (Simplified),values-zh-rCN,In crustal rocks,In crustal rocks,YES
abundance_sun,Chinese (Simplified),values-zh-rCN,In sun atoms,In sun atoms,YES
abundance_solar_system,Chinese (Simplified),values-zh-rCN,In solar system atoms,In solar system atoms,YES
favorite_settings_title,Chinese (Simplified),values-zh-rCN,Favorite Bar,Favorite Bar,YES
favorite_settings_general,Chinese (Simplified),values-zh-rCN,General,General,YES
favorite_settings_temperatures,Chinese (Simplified),values-zh-rCN,Temperatures,Temperatures,YES
favorite_settings_atomic_properties,Chinese (Simplified),values-zh-rCN,Atomic properties,Atomic properties,YES
favorite_settings_thermodynamics,Chinese (Simplified),values-zh-rCN,Thermodynamic,Thermodynamic,YES
favorite_settings_electromagnetic,Chinese (Simplified),values-zh-rCN,Electromagnetic Properties,Electromagnetic Properties,YES
favorite_settings_nuclear,Chinese (Simplified),values-zh-rCN,Nuclear,Nuclear,YES
show_molar_mass,Chinese (Simplified),values-zh-rCN,Show Molar Mass,Show Molar Mass,YES
show_stp_phase,Chinese (Simplified),values-zh-rCN,Show STP Phase,Show STP Phase,YES
show_electronegativity,Chinese (Simplified),values-zh-rCN,Show Electronegativity,Show Electronegativity,YES
show_density,Chinese (Simplified),values-zh-rCN,Show Density,Show Density,YES
kelvin,Chinese (Simplified),values-zh-rCN,Kelvin,Kelvin,YES
celsius,Chinese (Simplified),values-zh-rCN,Celsius,Celsius,YES
fahrenheit,Chinese (Simplified),values-zh-rCN,Fahrenheit,Fahrenheit,YES
show_boiling_point,Chinese (Simplified),values-zh-rCN,Show Boiling Point,Show Boiling Point,YES
show_melting_point,Chinese (Simplified),values-zh-rCN,Show Melting Point,Show Melting Point,YES
show_atomic_radius_empirical,Chinese (Simplified),values-zh-rCN,Show Atomic Radius (Empirical),Show Atomic Radius (Empirical),YES
show_atomic_radius_calculated,Chinese (Simplified),values-zh-rCN,Show Atomic Radius (Calculated),Show Atomic Radius (Calculated),YES
show_covalent_radius,Chinese (Simplified),values-zh-rCN,Show Covalent Radius,Show Covalent Radius,YES
show_van_der_waals_radius,Chinese (Simplified),values-zh-rCN,Show Van Der Waals Radius,Show Van Der Waals Radius,YES
show_resistivity,Chinese (Simplified),values-zh-rCN,Show Resistivity,Show Resistivity,YES
show_fusion_heat,Chinese (Simplified),values-zh-rCN,Show Fusion Heat,Show Fusion Heat,YES
show_specific_heat_capacity,Chinese (Simplified),values-zh-rCN,Show Specific Heat Capacity,Show Specific Heat Capacity,YES
show_vaporization_heat,Chinese (Simplified),values-zh-rCN,Show Vaporization Heat,Show Vaporization Heat,YES
show_if_radioactive,Chinese (Simplified),values-zh-rCN,Show if Radioactive element,Show if Radioactive element,YES
sources_settings_title,Chinese (Simplified),values-zh-rCN,Sources,Sources,YES
sources_wwe_title,Chinese (Simplified),values-zh-rCN,Water and Wastewater Engineering,Water and Wastewater Engineering,YES
sources_wwe_text,Chinese (Simplified),values-zh-rCN,"Mackenzie L. Davis, (2019). Water and wastewater Engineering: Design Principles and Practise, second edition. ISBN: 978-1-260-13227-4","Mackenzie L. Davis, (2019). Water and wastewater Engineering: Design Principles and Practise, second edition. ISBN: 978-1-260-13227-4",YES
unit_settings_title,Chinese (Simplified),values-zh-rCN,Table Units,Table Units,YES
unit_temperature,Chinese (Simplified),values-zh-rCN,Temperatures,Temperatures,YES
isotopes_title,Chinese (Simplified),values-zh-rCN,Isotopes,Isotopes,YES
iso_no_results,Chinese (Simplified),values-zh-rCN,No results,No results,YES
iso_try_another_search,Chinese (Simplified),values-zh-rCN,Try searching for another word or check your spelling.,Try searching for another word or check your spelling.,YES
iso_search_hint,Chinese (Simplified),values-zh-rCN,Search For Isotopes,Search For Isotopes,YES
ph_title,Chinese (Simplified),values-zh-rCN,pH-Indicators,pH-Indicators,YES
poi_no_results,Chinese (Simplified),values-zh-rCN,No results,No results,YES
poi_try_another_search,Chinese (Simplified),values-zh-rCN,Try searching for another word or check your spelling.,Try searching for another word or check your spelling.,YES
poi_search_hint,Chinese (Simplified),values-zh-rCN,Search For Dictionary Item,Search For Dictionary Item,YES
poi_clear_filter,Chinese (Simplified),values-zh-rCN,Clear Filter,Clear Filter,YES
poissons_ratio_title,Chinese (Simplified),values-zh-rCN,Poisson\'s Ratio,Poisson\'s Ratio,YES
other_settings,Chinese (Simplified),values-zh-rCN,Advanced,Advanced,YES
experimental_title,Chinese (Simplified),values-zh-rCN,Experimental Settings,Experimental Settings,YES
experimental_text,Chinese (Simplified),values-zh-rCN,Additional experimental settings,Additional experimental settings,YES
clear_cache_title,Chinese (Simplified),values-zh-rCN,Clear Cache,Clear Cache,YES
clear_cache_text,Chinese (Simplified),values-zh-rCN,cache_size,cache_size,YES
submit_activity_title,Chinese (Simplified),values-zh-rCN,Submit issue,Submit issue,YES
submit_data_i,Chinese (Simplified),values-zh-rCN,Data Issue,Data Issue,YES
submit_bug,Chinese (Simplified),values-zh-rCN,Bug,Bug,YES
submit_question,Chinese (Simplified),values-zh-rCN,Question,Question,YES
submit_issue,Chinese (Simplified),values-zh-rCN,Issue,Issue,YES
description,Chinese (Simplified),values-zh-rCN,Description,Description,YES
submit_send,Chinese (Simplified),values-zh-rCN,Submit issue,Submit issue,YES
submit_title,Chinese (Simplified),values-zh-rCN,Report Issue,Report Issue,YES
submit_text,Chinese (Simplified),values-zh-rCN,Report bugs and data errors,Report bugs and data errors,YES
licenses_title,Chinese (Simplified),values-zh-rCN,Licenses,Licenses,YES
licenses_text,Chinese (Simplified),values-zh-rCN,Licenses of works used by Atomic,Licenses of works used by Atomic,YES
info_title,Chinese (Simplified),values-zh-rCN,Information,Information,YES
info_text,Chinese (Simplified),values-zh-rCN,App version and details,App version and details,YES
git_title,Chinese (Simplified),values-zh-rCN,Github,Github,YES
git_text,Chinese (Simplified),values-zh-rCN,Atomics open-source GitHub repo,Atomics open-source GitHub repo,YES
table_order_title,Chinese (Simplified),values-zh-rCN,Sort table list,Sort table list,YES
table_order_text,Chinese (Simplified),values-zh-rCN,Determine order of tables,Determine order of tables,YES
win_title,Chinese (Simplified),values-zh-rCN,Get Desktop App,Get Desktop App,YES
win_text,Chinese (Simplified),values-zh-rCN,Download the app for Windows,Download the app for Windows,YES
about_app_name,Chinese (Simplified),values-zh-rCN,Atomic - Periodic Table,Atomic - Periodic Table,YES
about_title,Chinese (Simplified),values-zh-rCN,About,About,YES
settings_title,Chinese (Simplified),values-zh-rCN,Settings,Settings,YES
settings_themes_title,Chinese (Simplified),values-zh-rCN,Themes,Themes,YES
settings_themes_content,Chinese (Simplified),values-zh-rCN,Select Theme,Select Theme,YES
settings_favorite_title,Chinese (Simplified),values-zh-rCN,Favorite Bar,Favorite Bar,YES
settings_favorite_content,Chinese (Simplified),values-zh-rCN,Personalise the favorite bar,Personalise the favorite bar,YES
settings_order_title,Chinese (Simplified),values-zh-rCN,Detail Card Order,Detail Card Order,YES
settings_order_content,Chinese (Simplified),values-zh-rCN,Customize order of Detail Cards,Customize order of Detail Cards,YES
settings_unit_title,Chinese (Simplified),values-zh-rCN,Table Units,Table Units,YES
settings_unit_content,Chinese (Simplified),values-zh-rCN,Customize the units in the main table,Customize the units in the main table,YES
settings_offline_title,Chinese (Simplified),values-zh-rCN,Offline Mode,Offline Mode,YES
settings_offline_content,Chinese (Simplified),values-zh-rCN,Disables loading of images,Disables loading of images,YES
settings_nav_bar_title,Chinese (Simplified),values-zh-rCN,Auto-hide Bottombar,Auto-hide Bottombar,YES
settings_nav_bar_content,Chinese (Simplified),values-zh-rCN,Disables the standard behaviour,Disables the standard behaviour,YES
language_title,Chinese (Simplified),values-zh-rCN,Languages,Languages,YES
language_content,Chinese (Simplified),values-zh-rCN,Select Language,Select Language,YES
system_default,Chinese (Simplified),values-zh-rCN,System Default,System Default,YES
light,Chinese (Simplified),values-zh-rCN,Light,Light,YES
dark,Chinese (Simplified),values-zh-rCN,Dark,Dark,YES
cancel,Chinese (Simplified),values-zh-rCN,Cancel,Cancel,YES
settings,Chinese (Simplified),values-zh-rCN,Settings,Settings,YES
themes,Chinese (Simplified),values-zh-rCN,Themes,Themes,YES
select_theme,Chinese (Simplified),values-zh-rCN,Select Theme,Select Theme,YES
favorite_bar,Chinese (Simplified),values-zh-rCN,Favorite Bar,Favorite Bar,YES
personalise_favorite_bar,Chinese (Simplified),values-zh-rCN,Personalise the favorite bar,Personalise the favorite bar,YES
detail_card_order,Chinese (Simplified),values-zh-rCN,Detail Card Order,Detail Card Order,YES
customize_detail_card_order,Chinese (Simplified),values-zh-rCN,Customize order of Detail Cards,Customize order of Detail Cards,YES
table_units,Chinese (Simplified),values-zh-rCN,Table Units,Table Units,YES
customize_units_table,Chinese (Simplified),values-zh-rCN,Customize the units in the main table,Customize the units in the main table,YES
offline_mode,Chinese (Simplified),values-zh-rCN,Offline Mode,Offline Mode,YES
offline_mode_desc,Chinese (Simplified),values-zh-rCN,Disables loading of images,Disables loading of images,YES
go_online_for_emission,Chinese (Simplified),values-zh-rCN,Go online for emission lines,Go online for emission lines,YES
auto_hide_bottombar,Chinese (Simplified),values-zh-rCN,Auto-hide Bottombar,Auto-hide Bottombar,YES
auto_hide_bottombar_desc,Chinese (Simplified),values-zh-rCN,Disables the standard behaviour,Disables the standard behaviour,YES
weight_calculator_title,Chinese (Simplified),values-zh-rCN,Weight Calculator,Weight Calculator,YES
calculator_card_title,Chinese (Simplified),values-zh-rCN,Calculator:,Calculator:,YES
calculator_formula,Chinese (Simplified),values-zh-rCN,Formula:,Formula:,YES
constants_tite,Chinese (Simplified),values-zh-rCN,Constants Table,Constants Table,YES
license_title,Chinese (Simplified),values-zh-rCN,Licenses,Licenses,YES
activity_table_title,Chinese (Simplified),values-zh-rCN,Tables,Tables,YES
table_ph,Chinese (Simplified),values-zh-rCN,pH-Indicators,pH-Indicators,YES
table_ph_text,Chinese (Simplified),values-zh-rCN,A pH-indicator table for colors on different acid/ base levels,A pH-indicator table for colors on different acid/ base levels,YES
table_electrochemical,Chinese (Simplified),values-zh-rCN,Electrochemical Series,Electrochemical Series,YES
table_electrochemical_text,Chinese (Simplified),values-zh-rCN,"A table with an electrochemical series, sorted by (-) to (+) voltage","A table with an electrochemical series, sorted by (-) to (+) voltage",YES
table_equations,Chinese (Simplified),values-zh-rCN,Formulas,Formulas,YES
table_equations_text,Chinese (Simplified),values-zh-rCN,"A table containing formulas for math, physics and chemistry","A table containing formulas for math, physics and chemistry",YES
table_solubility,Chinese (Simplified),values-zh-rCN,Solubility Table,Solubility Table,YES
table_solubility_text,Chinese (Simplified),values-zh-rCN,A table with information of different substances solubility,A table with information of different substances solubility,YES
table_ionization,Chinese (Simplified),values-zh-rCN,Ionization Energies,Ionization Energies,YES
table_ionization_text,Chinese (Simplified),values-zh-rCN,A table with different elements ionization energies,A table with different elements ionization energies,YES
table_poisson,Chinese (Simplified),values-zh-rCN,Poisson Ratio Table,Poisson Ratio Table,YES
table_poisson_text,Chinese (Simplified),values-zh-rCN,"A table with poissons ratio for different rocks, soils, minerals and other materials","A table with poissons ratio for different rocks, soils, minerals and other materials",YES
table_nuclide,Chinese (Simplified),values-zh-rCN,Table of Nuclides,Table of Nuclides,YES
table_nuclide_text,Chinese (Simplified),values-zh-rCN,"A two-dimensional table of nuclide, with color differentiating decay type","A two-dimensional table of nuclide, with color differentiating decay type",YES
table_constants_text,Chinese (Simplified),values-zh-rCN,"A table that contains common constants for calculations including math, physics, standard water flows etc","A table that contains common constants for calculations including math, physics, standard water flows etc",YES
table_geology,Chinese (Simplified),values-zh-rCN,Geology Table,Geology Table,YES
table_geology_text,Chinese (Simplified),values-zh-rCN,"A table that contains information about minerals, rocks and soils","A table that contains information about minerals, rocks and soils",YES
nuclide_table_title,Chinese (Simplified),values-zh-rCN,Nuclide Table,Nuclide Table,YES
decay_info_fab,Chinese (Simplified),values-zh-rCN,Info of different decay types,Info of different decay types,YES
activity_geology_title,Chinese (Simplified),values-zh-rCN,Geology,Geology,YES
activity_geology_mineral,Chinese (Simplified),values-zh-rCN,Minerals,Minerals,YES
activity_geology_rock,Chinese (Simplified),values-zh-rCN,Rocks,Rocks,YES
activity_geology_soil,Chinese (Simplified),values-zh-rCN,Soils,Soils,YES
geo_no_results,Chinese (Simplified),values-zh-rCN,No results,No results,YES
geo_try_another_search,Chinese (Simplified),values-zh-rCN,Try searching for another word or check your spelling.,Try searching for another word or check your spelling.,YES
geo_search_hint,Chinese (Simplified),values-zh-rCN,Search For Geology Item,Search For Geology Item,YES
geo_clear_filter,Chinese (Simplified),values-zh-rCN,Clear Filter,Clear Filter,YES
chip_rocks,Chinese (Simplified),values-zh-rCN,Rocks,Rocks,YES
chip_soils,Chinese (Simplified),values-zh-rCN,Soils,Soils,YES
chip_minerals,Chinese (Simplified),values-zh-rCN,Minerals,Minerals,YES
activity_unit_title,Chinese (Simplified),values-zh-rCN,Table Units,Table Units,YES
activity_equations_title,Chinese (Simplified),values-zh-rCN,Formulas,Formulas,YES
activity_formulas_search,Chinese (Simplified),values-zh-rCN,Search For Formulas:,Search For Formulas:,YES
equations_search_other,Chinese (Simplified),values-zh-rCN,Try searching for another word or check your spelling.,Try searching for another word or check your spelling.,YES
activity_ph_title,Chinese (Simplified),values-zh-rCN,pH Indicators,pH Indicators,YES
activity_ph_acid,Chinese (Simplified),values-zh-rCN,Acid,Acid,YES
activity_ph_neutral,Chinese (Simplified),values-zh-rCN,Neutral,Neutral,YES
activity_ph_alkaline,Chinese (Simplified),values-zh-rCN,Alkaline,Alkaline,YES
activity_ph_methyl_orange,Chinese (Simplified),values-zh-rCN,Methyl-orange,Methyl-orange,YES
activity_ph_bromothymol_blue,Chinese (Simplified),values-zh-rCN,Bromothymol Blue,Bromothymol Blue,YES
activity_ph_congo_red,Chinese (Simplified),values-zh-rCN,Congo Red,Congo Red,YES
activity_ph_phenolphthalein,Chinese (Simplified),values-zh-rCN,Phenolphthalein,Phenolphthalein,YES
activity_io_title,Chinese (Simplified),values-zh-rCN,Ionization Energies,Ionization Energies,YES
ion_no_results,Chinese (Simplified),values-zh-rCN,No results,No results,YES
ion_try_another_search,Chinese (Simplified),values-zh-rCN,Try searching for another word or check your spelling.,Try searching for another word or check your spelling.,YES
solubility_info_t,Chinese (Simplified),values-zh-rCN,Solubility Help,Solubility Help,YES
solubility_info_c,Chinese (Simplified),values-zh-rCN,"""S: Soluble\nSs: Slightly Soluble\nI: Insoluble""","""S: Soluble\nSs: Slightly Soluble\nI: Insoluble""",YES
electrochemical_series,Chinese (Simplified),values-zh-rCN,Electrochemical Series,Electrochemical Series,YES
electrochemical_series_search,Chinese (Simplified),values-zh-rCN,Search for Element,Search for Element,YES
short_voltage,Chinese (Simplified),values-zh-rCN, (Volt), (Volt),YES
data_issue,Chinese (Simplified),values-zh-rCN,Data Issue,Data Issue,YES
bug,Chinese (Simplified),values-zh-rCN,Bug,Bug,YES
question,Chinese (Simplified),values-zh-rCN,Question,Question,YES
chip_chemistry,Chinese (Simplified),values-zh-rCN,Chemistry,Chemistry,YES
chip_physics,Chinese (Simplified),values-zh-rCN,Physics,Physics,YES
chip_math,Chinese (Simplified),values-zh-rCN,Mathematics,Mathematics,YES
chip_reactions,Chinese (Simplified),values-zh-rCN,Reactions,Reactions,YES
chip_water,Chinese (Simplified),values-zh-rCN,Water,Water,YES
wikipedia_license,Chinese (Simplified),values-zh-rCN,Wikipedia Commons,Wikipedia Commons,YES
wikipedia_license_text,Chinese (Simplified),values-zh-rCN,"CREATIVE COMMONS CORPORATION IS NOT A LAW FIRM AND DOES NOT PROVIDE LEGAL SERVICES.
        DISTRIBUTION OF THIS LICENSE DOES NOT CREATE AN ATTORNEY-CLIENT RELATIONSHIP. CREATIVE COMMONS PROVIDES THIS INFORMATION ON AN ""AS-IS"" BASIS. CREATIVE COMMONS MAKES NO WARRANTIES REGARDING THE INFORMATION PROVIDED, AND DISCLAIMS LIABILITY FOR DAMAGES RESULTING FROM ITS USE.\n\nTHE WORK (AS DEFINED BELOW) IS PROVIDED UNDER THE TERMS OF THIS CREATIVE COMMONS PUBLIC LICENSE (""CCPL"" OR ""LICENSE"").
        THE WORK IS PROTECTED BY COPYRIGHT AND/OR OTHER APPLICABLE LAW. ANY USE OF THE WORK OTHER THAN AS AUTHORIZED UNDER THIS LICENSE OR COPYRIGHT LAW IS PROHIBITED.
        BY EXERCISING ANY RIGHTS TO THE WORK PROVIDED HERE, YOU ACCEPT AND AGREE TO BE BOUND BY THE TERMS OF THIS LICENSE. TO THE EXTENT THIS LICENSE MAY BE CONSIDERED TO BE A CONTRACT, THE LICENSOR GRANTS YOU THE RIGHTS CONTAINED HERE IN CONSIDERATION OF YOUR ACCEPTANCE OF SUCH TERMS AND CONDITIONS.","CREATIVE COMMONS CORPORATION IS NOT A LAW FIRM AND DOES NOT PROVIDE LEGAL SERVICES.
        DISTRIBUTION OF THIS LICENSE DOES NOT CREATE AN ATTORNEY-CLIENT RELATIONSHIP. CREATIVE COMMONS PROVIDES THIS INFORMATION ON AN ""AS-IS"" BASIS. CREATIVE COMMONS MAKES NO WARRANTIES REGARDING THE INFORMATION PROVIDED, AND DISCLAIMS LIABILITY FOR DAMAGES RESULTING FROM ITS USE.\n\nTHE WORK (AS DEFINED BELOW) IS PROVIDED UNDER THE TERMS OF THIS CREATIVE COMMONS PUBLIC LICENSE (""CCPL"" OR ""LICENSE"").
        THE WORK IS PROTECTED BY COPYRIGHT AND/OR OTHER APPLICABLE LAW. ANY USE OF THE WORK OTHER THAN AS AUTHORIZED UNDER THIS LICENSE OR COPYRIGHT LAW IS PROHIBITED.
        BY EXERCISING ANY RIGHTS TO THE WORK PROVIDED HERE, YOU ACCEPT AND AGREE TO BE BOUND BY THE TERMS OF THIS LICENSE. TO THE EXTENT THIS LICENSE MAY BE CONSIDERED TO BE A CONTRACT, THE LICENSOR GRANTS YOU THE RIGHTS CONTAINED HERE IN CONSIDERATION OF YOUR ACCEPTANCE OF SUCH TERMS AND CONDITIONS.",YES
sothree_license,Chinese (Simplified),values-zh-rCN,Android Sliding Up Panel,Android Sliding Up Panel,YES
sothree_license_text,Chinese (Simplified),values-zh-rCN,"Copyright 2015 Anton Lopyrev\n\nLicensed under the Apache License, Version 2.0 (the ""License"");you may not use this file except in compliance with the License.You may obtain a copy of the License at
    \n\nhttp://www.apache.org/licenses/LICENSE-2.0\n\n   Unless required by applicable law or agreed to in writing, softwaredistributed under the License is distributed on an ""AS IS"" BASIS, WITHOUT WARRANTIES OR CONDITIONS OF ANY KIND, either express or implied.See the License for the specific language governing permissions andlimitations under the License.","Copyright 2015 Anton Lopyrev\n\nLicensed under the Apache License, Version 2.0 (the ""License"");you may not use this file except in compliance with the License.You may obtain a copy of the License at
    \n\nhttp://www.apache.org/licenses/LICENSE-2.0\n\n   Unless required by applicable law or agreed to in writing, softwaredistributed under the License is distributed on an ""AS IS"" BASIS, WITHOUT WARRANTIES OR CONDITIONS OF ANY KIND, either express or implied.See the License for the specific language governing permissions andlimitations under the License.",YES
appwidget_text,Chinese (Simplified),values-zh-rCN,EXAMPLE,EXAMPLE,YES
add_widget,Chinese (Simplified),values-zh-rCN,Add widget,Add widget,YES
spelling,Chinese (Simplified),values-zh-rCN,Try searching for another word or check your spelling,Try searching for another word or check your spelling,YES
phi,Chinese (Simplified),values-zh-rCN,pH-Indicators,pH-Indicators,YES
geo,Chinese (Simplified),values-zh-rCN,Geology Table,Geology Table,YES
con,Chinese (Simplified),values-zh-rCN,Constants Table,Constants Table,YES
nuc,Chinese (Simplified),values-zh-rCN,Table of Nuclides,Table of Nuclides,YES
poi,Chinese (Simplified),values-zh-rCN,Poisson Ratio Table,Poisson Ratio Table,YES
sol,Chinese (Simplified),values-zh-rCN,Solubility Table,Solubility Table,YES
ion,Chinese (Simplified),values-zh-rCN,Ionization Energies,Ionization Energies,YES
eqe,Chinese (Simplified),values-zh-rCN,Formulas,Formulas,YES
ele,Chinese (Simplified),values-zh-rCN,Electrochemical Series,Electrochemical Series,YES
iso,Chinese (Simplified),values-zh-rCN,Isotopes,Isotopes,YES
emi,Chinese (Simplified),values-zh-rCN,Emission Spectrum Table,Emission Spectrum Table,YES
requires_pro,Chinese (Simplified),values-zh-rCN,Requires PRO-Version,Requires PRO-Version,YES
try_another_search,Chinese (Simplified),values-zh-rCN,Try searching for another word or check your spelling.,Try searching for another word or check your spelling.,YES
emission_title,Chinese (Simplified),values-zh-rCN,Emission Spectrum Table,Emission Spectrum Table,YES
emission_text,Chinese (Simplified),values-zh-rCN,"Emission spectrum for elements, which is the frequencies of electromagnatic radiation emitted due to electrons making transition from a higher to lower energy state.","Emission spectrum for elements, which is the frequencies of electromagnatic radiation emitted due to electrons making transition from a higher to lower energy state.",YES
cal,Chinese (Simplified),values-zh-rCN,Calculator,Calculator,YES
rec,Chinese (Simplified),values-zh-rCN,Chemical Reactions,Chemical Reactions,YES
uni,Chinese (Simplified),values-zh-rCN,Unit Converter,Unit Converter,YES
fla,Chinese (Simplified),values-zh-rCN,Flashcards,Flashcards,YES
unit_title,Chinese (Simplified),values-zh-rCN,Unit Converter,Unit Converter,YES
unit_description,Chinese (Simplified),values-zh-rCN,A simple unit converter for multiple purposes,A simple unit converter for multiple purposes,YES
most_used,Chinese (Simplified),values-zh-rCN,Most Used:,Most Used:,YES
calculator_title,Chinese (Simplified),values-zh-rCN,Calculator,Calculator,YES
calculator_text,Chinese (Simplified),values-zh-rCN,Contains a calculator to calculate molar mass for different compounds as well as saving favorites,Contains a calculator to calculate molar mass for different compounds as well as saving favorites,YES
tools_title,Chinese (Simplified),values-zh-rCN,Tools (e.g calculator),Tools (e.g calculator),YES
balancer_title,Chinese (Simplified),values-zh-rCN,Chemical Reactions,Chemical Reactions,YES
balancer_text,Chinese (Simplified),values-zh-rCN,Balance different chemical reactions and save favorites for later use,Balance different chemical reactions and save favorites for later use,YES
tool_btn_open,Chinese (Simplified),values-zh-rCN,Open Tool,Open Tool,YES
calc_molar_mass,Chinese (Simplified),values-zh-rCN,Molar Mass:,Molar Mass:,YES
calc_elements_shown,Chinese (Simplified),values-zh-rCN,Elements included will be shown here,Elements included will be shown here,YES
calc_favorites,Chinese (Simplified),values-zh-rCN,Favorites:,Favorites:,YES
calc_no_favorites,Chinese (Simplified),values-zh-rCN,Currently no favorites,Currently no favorites,YES
calc_no_pro_text,Chinese (Simplified),values-zh-rCN,In order to access and save to the favorites you need to get the PRO-Version,In order to access and save to the favorites you need to get the PRO-Version,YES
user_title,Chinese (Simplified),values-zh-rCN,User Page,User Page,YES
user_achievements,Chinese (Simplified),values-zh-rCN,Achievements,Achievements,YES
user_achievements_Text,Chinese (Simplified),values-zh-rCN,Track your progress of learning the elements of the world with achievements,Track your progress of learning the elements of the world with achievements,YES
user_img,Chinese (Simplified),values-zh-rCN,Change profile picture,Change profile picture,YES
hazard_title,Chinese (Simplified),values-zh-rCN,Hazard of Materials,Hazard of Materials,YES
hazard_title_requires_pro,Chinese (Simplified),values-zh-rCN,Hazard of Materials requires PRO-version. Get PRO to unlock more data and tables:,Hazard of Materials requires PRO-version. Get PRO to unlock more data and tables:,YES
fire_hazard,Chinese (Simplified),values-zh-rCN,Fire hazard:,Fire hazard:,YES
health_hazard,Chinese (Simplified),values-zh-rCN,Health hazard:,Health hazard:,YES
reactivity_hazard,Chinese (Simplified),values-zh-rCN,Reactivity:,Reactivity:,YES
specific_hazard,Chinese (Simplified),values-zh-rCN,Specific hazard:,Specific hazard:,YES
grid_title,Chinese (Simplified),values-zh-rCN,Grid Properties,Grid Properties,YES
crystal_structure,Chinese (Simplified),values-zh-rCN,Crystal Structure:,Crystal Structure:,YES
grid_parameters,Chinese (Simplified),values-zh-rCN,Grid Parameters: (lattice constants),Grid Parameters: (lattice constants),YES
debye_temperature_low_temperature_limit,Chinese (Simplified),values-zh-rCN,Debye Temperature: (low temperature limit),Debye Temperature: (low temperature limit),YES
debye_temperature_room_temperature,Chinese (Simplified),values-zh-rCN,Debye Temperature: (room temperature),Debye Temperature: (room temperature),YES
cas_number,Chinese (Simplified),values-zh-rCN,CAS Number:,CAS Number:,YES
eg_number,Chinese (Simplified),values-zh-rCN,EG Number:,EG Number:,YES
other_title,Chinese (Simplified),values-zh-rCN,Others,Others,YES
clear_filter,Chinese (Simplified),values-zh-rCN,Clear Filter,Clear Filter,YES
constants_search,Chinese (Simplified),values-zh-rCN,Search for constant,Search for constant,YES
dictionary,Chinese (Simplified),values-zh-rCN,Dictionary,Dictionary,YES
dictionary_search,Chinese (Simplified),values-zh-rCN,Search For Dictionary Item,Search For Dictionary Item,YES
element_info_title,Chinese (Simplified),values-zh-rCN,Element Information,Element Information,YES
submit_data_issue,Chinese (Simplified),values-zh-rCN,Submit Data Issue,Submit Data Issue,YES
unit_converter_title,Chinese (Simplified),values-zh-rCN,Unit Converter,Unit Converter,YES
unit_enter_value,Chinese (Simplified),values-zh-rCN,Value,Value,YES
unit_output_value,Chinese (Simplified),values-zh-rCN,Output,Output,YES
unit_category,Chinese (Simplified),values-zh-rCN,Category:,Category:,YES
unit_formula,Chinese (Simplified),values-zh-rCN,Formula:,Formula:,YES
unit_add_favorite,Chinese (Simplified),values-zh-rCN,Add to Favorites:,Add to Favorites:,YES
unit_favorites,Chinese (Simplified),values-zh-rCN,Favorites:,Favorites:,YES
unit_display_formula,Chinese (Simplified),values-zh-rCN,Formula will be displayed here,Formula will be displayed here,YES
flashcards_title,Chinese (Simplified),values-zh-rCN,Flashcards,Flashcards,YES
flashcards_info,Chinese (Simplified),values-zh-rCN,"Learn the Periodic Table with the built in ""learning-games""","Learn the Periodic Table with the built in ""learning-games""",YES
flashcards_lives_info,Chinese (Simplified),values-zh-rCN,Every wrong answer will lead to loss of a live,Every wrong answer will lead to loss of a live,YES
learning_games,Chinese (Simplified),values-zh-rCN,Learning-Games:,Learning-Games:,YES
flashcards_element_symbols,Chinese (Simplified),values-zh-rCN,Element Symbols,Element Symbols,YES
flashcards_element_classifications,Chinese (Simplified),values-zh-rCN,Element Classifications,Element Classifications,YES
flashcards_atomic_mass,Chinese (Simplified),values-zh-rCN,Atomic Mass,Atomic Mass,YES
flashcards_chemical_reactions,Chinese (Simplified),values-zh-rCN,Chemical Reactions,Chemical Reactions,YES
flashcards_mixed_questions,Chinese (Simplified),values-zh-rCN,Mixed Questions,Mixed Questions,YES
flashcards_statistics,Chinese (Simplified),values-zh-rCN,Statistics,Statistics,YES
flashcards_total_xp,Chinese (Simplified),values-zh-rCN,Total XP,Total XP,YES
flashcards_total_games,Chinese (Simplified),values-zh-rCN,Games,Games,YES
flashcards_level,Chinese (Simplified),values-zh-rCN,Level,Level,YES
flashcards_difficulty,Chinese (Simplified),values-zh-rCN,Select Difficulty:,Select Difficulty:,YES
flashcards_difficulty_title,Chinese (Simplified),values-zh-rCN,Difficulty,Difficulty,YES
flashcards_free_games,Chinese (Simplified),values-zh-rCN,Free Games:,Free Games:,YES
flashcards_pro_plus_games,Chinese (Simplified),values-zh-rCN,PRO+ Games:,PRO+ Games:,YES
flashcards_pro_level_0_5,Chinese (Simplified),values-zh-rCN,Level 0:,Level 0:,YES
flashcards_pro_level_5_10,Chinese (Simplified),values-zh-rCN,Level 5:,Level 5:,YES
flashcards_pro_level_10_15,Chinese (Simplified),values-zh-rCN,Level 10:,Level 10:,YES
flashcards_game_element_symbols,Chinese (Simplified),values-zh-rCN,Element Symbols,Element Symbols,YES
flashcards_game_element_names,Chinese (Simplified),values-zh-rCN,Element Names,Element Names,YES
flashcards_game_element_groups,Chinese (Simplified),values-zh-rCN,Element Groups,Element Groups,YES
flashcards_game_element_appearance,Chinese (Simplified),values-zh-rCN,Appearance,Appearance,YES
flashcards_game_element_atomic_mass,Chinese (Simplified),values-zh-rCN,Atomic Mass,Atomic Mass,YES
flashcards_game_element_density,Chinese (Simplified),values-zh-rCN,Density,Density,YES
progress_text_placeholder,Chinese (Simplified),values-zh-rCN,50/500,50/500,YES
total_xp_placeholder,Chinese (Simplified),values-zh-rCN,Total XP: ---,Total XP: ---,YES
unlock_all_flashcards,Chinese (Simplified),values-zh-rCN,Unlock all Flashcards and Features,Unlock all Flashcards and Features,YES
upgrade_to_pro_plus,Chinese (Simplified),values-zh-rCN,Upgrade to PRO+,Upgrade to PRO+,YES
upgrade_pro_plus_description,Chinese (Simplified),values-zh-rCN,"Get unlimited lives and additional flashcard games such as electronegativity, radioactivity, crystal structure and more!","Get unlimited lives and additional flashcard games such as electronegativity, radioactivity, crystal structure and more!",YES
easy,Chinese (Simplified),values-zh-rCN,Easy,Easy,YES
medium,Chinese (Simplified),values-zh-rCN,Medium,Medium,YES
hard,Chinese (Simplified),values-zh-rCN,Hard,Hard,YES
level_0_4,Chinese (Simplified),values-zh-rCN,Level 0,Level 0,YES
element_symbols,Chinese (Simplified),values-zh-rCN,Element Symbols,Element Symbols,YES
element_names,Chinese (Simplified),values-zh-rCN,Element Names,Element Names,YES
element_groups,Chinese (Simplified),values-zh-rCN,Element Groups,Element Groups,YES
discovered_by,Chinese (Simplified),values-zh-rCN,Discovered By,Discovered By,YES
discovery_year,Chinese (Simplified),values-zh-rCN,Discovery Year,Discovery Year,YES
level_5_9,Chinese (Simplified),values-zh-rCN,Level 5,Level 5,YES
appearance,Chinese (Simplified),values-zh-rCN,Appearance,Appearance,YES
atomic_number,Chinese (Simplified),values-zh-rCN,Atomic Number,Atomic Number,YES
electrical_type,Chinese (Simplified),values-zh-rCN,Electrical Type,Electrical Type,YES
radioactive,Chinese (Simplified),values-zh-rCN,Radioactive,Radioactive,YES
level_10_14,Chinese (Simplified),values-zh-rCN,Level 10,Level 10,YES
atomic_mass,Chinese (Simplified),values-zh-rCN,Atomic Mass,Atomic Mass,YES
density,Chinese (Simplified),values-zh-rCN,Density,Density,YES
electronegativity,Chinese (Simplified),values-zh-rCN,Electronegativity,Electronegativity,YES
block,Chinese (Simplified),values-zh-rCN,Block,Block,YES
level_15_19,Chinese (Simplified),values-zh-rCN,Level 15,Level 15,YES
magnetic_type,Chinese (Simplified),values-zh-rCN,Magnetic Type,Magnetic Type,YES
phase_stp,Chinese (Simplified),values-zh-rCN,Phase (STP),Phase (STP),YES
superconducting_point,Chinese (Simplified),values-zh-rCN,Superconducting Point,Superconducting Point,YES
level_20_24,Chinese (Simplified),values-zh-rCN,Level 20,Level 20,YES
neutron_cross_sectional,Chinese (Simplified),values-zh-rCN,Neutron Cross Sectional,Neutron Cross Sectional,YES
specific_heat_capacity,Chinese (Simplified),values-zh-rCN,Specific Heat Capacity,Specific Heat Capacity,YES
mohs_hardness,Chinese (Simplified),values-zh-rCN,Mohs Hardness,Mohs Hardness,YES
vickers_hardness,Chinese (Simplified),values-zh-rCN,Vickers Hardness,Vickers Hardness,YES
brinell_hardness,Chinese (Simplified),values-zh-rCN,Brinell Hardness,Brinell Hardness,YES
level_25_29,Chinese (Simplified),values-zh-rCN,Level 25,Level 25,YES
level_30_34,Chinese (Simplified),values-zh-rCN,Level 30,Level 30,YES
boiling_point_celsius,Chinese (Simplified),values-zh-rCN,Boiling Point (°C):,Boiling Point (°C):,YES
boiling_point_fahrenheit,Chinese (Simplified),values-zh-rCN,Boiling Point (°F):,Boiling Point (°F):,YES
boiling_point_kelvin,Chinese (Simplified),values-zh-rCN,Boiling Point (Kelvin):,Boiling Point (Kelvin):,YES
melting_point_celsius,Chinese (Simplified),values-zh-rCN,Melting Point (°C):,Melting Point (°C):,YES
melting_point_fahrenheit,Chinese (Simplified),values-zh-rCN,Melting Point (°F):,Melting Point (°F):,YES
melting_point_kelvin,Chinese (Simplified),values-zh-rCN,Melting Point (Kelvin):,Melting Point (Kelvin):,YES
rewards_available,Chinese (Simplified),values-zh-rCN,Rewards:,Rewards:,YES
level_range_format,Chinese (Simplified),values-zh-rCN,Level %1$d,Level %1$d,YES
reward_5pct_title,Chinese (Simplified),values-zh-rCN,+5% XP bonus,+5% XP bonus,YES
bonus_xp,Chinese (Simplified),values-zh-rCN,+0% bonus active,+0% bonus active,YES
enable_sync,Chinese (Simplified),values-zh-rCN,Enable Syncing,Enable Syncing,YES
enable_sync_desc,Chinese (Simplified),values-zh-rCN,"Syncing of progress for level, xp, achievements etc is available for PRO and PRO+ users","Syncing of progress for level, xp, achievements etc is available for PRO and PRO+ users",YES
enable_sync_pro_button,Chinese (Simplified),values-zh-rCN,Upgrade,Upgrade,YES
sync_available_pro_only,Chinese (Simplified),values-zh-rCN,Get PRO or PRO+ to enable cloud sync,Get PRO or PRO+ to enable cloud sync,YES
login_for_sync,Chinese (Simplified),values-zh-rCN,Login to enable sync,Login to enable sync,YES
sync_status,Chinese (Simplified),values-zh-rCN,Not synced,Not synced,YES
login_for_sync_and_more,Chinese (Simplified),values-zh-rCN,Login to sync data,Login to sync data,YES
pro_plus_badge,Chinese (Simplified),values-zh-rCN,PRO+,PRO+,YES
lives_count_placeholder,Chinese (Simplified),values-zh-rCN,5,5,YES
level_stat_placeholder,Chinese (Simplified),values-zh-rCN,---,---,YES
completed_quizzes_stat_placeholder,Chinese (Simplified),values-zh-rCN,---,---,YES
popup_title,Chinese (Simplified),values-zh-rCN,Upgrade to PRO+,Upgrade to PRO+,YES
popup_content_text,Chinese (Simplified),values-zh-rCN,"Upgrade \'Atomic - Periodic Table\' to unlock additional data, tables and flashcards to learn more about the periodic table.","Upgrade \'Atomic - Periodic Table\' to unlock additional data, tables and flashcards to learn more about the periodic table.",YES
popup_action_button,Chinese (Simplified),values-zh-rCN,Upgrade to PRO+,Upgrade to PRO+,YES
popup_secondary_button,Chinese (Simplified),values-zh-rCN,Not today,Not today,YES
credits_title,Chinese (Simplified),values-zh-rCN,Credits,Credits,YES
credits_text,Chinese (Simplified),values-zh-rCN,Credits to contributors,Credits to contributors,YES
credits_giancarlo,Chinese (Simplified),values-zh-rCN,Giancarlo Mérida,Giancarlo Mérida,YES
credits_giancarlo_info,Chinese (Simplified),values-zh-rCN,Translations for Spanish and Italian,Translations for Spanish and Italian,YES
credits_electro_boy,Chinese (Simplified),values-zh-rCN,ElectroBoy10,ElectroBoy10,YES
credits_electro_boy_info,Chinese (Simplified),values-zh-rCN,Translations for Afrikaan,Translations for Afrikaan,YES
get_pro_element_text,Chinese (Simplified),values-zh-rCN,Get PRO-Version to unlock additional information of elements,Get PRO-Version to unlock additional information of elements,YES
overview,Chinese (Simplified),values-zh-rCN,Overview,Overview,YES
properties,Chinese (Simplified),values-zh-rCN,Properties,Properties,YES
temperatures,Chinese (Simplified),values-zh-rCN,Temperatures,Temperatures,YES
atomic_properties,Chinese (Simplified),values-zh-rCN,Atomic Properties,Atomic Properties,YES
electromagnetic_properties,Chinese (Simplified),values-zh-rCN,Electromagnetic Properties,Electromagnetic Properties,YES
thermodynamic_properties,Chinese (Simplified),values-zh-rCN,Thermodynamic Properties,Thermodynamic Properties,YES
nuclear_properties,Chinese (Simplified),values-zh-rCN,Nuclear Properties,Nuclear Properties,YES
hardness_properties,Chinese (Simplified),values-zh-rCN,Hardness Properties,Hardness Properties,YES
get_pro_short,Chinese (Simplified),values-zh-rCN,PRO,PRO,YES
streak_notification_title,Chinese (Simplified),values-zh-rCN,Keep your %1$d-day streak!,Keep your %1$d-day streak!,YES
streak_notification_body,Chinese (Simplified),values-zh-rCN,Play today to save your %1$d-day streak.,Play today to save your %1$d-day streak.,YES
no_questions_title,Chinese (Simplified),values-zh-rCN,Not enough data,Not enough data,YES
signing_in,Chinese (Simplified),values-zh-rCN,Signing in…,Signing in…,YES
sign_in_failed,Chinese (Simplified),values-zh-rCN,Sign in failed,Sign in failed,YES
user_signed_in_fmt,Chinese (Simplified),values-zh-rCN,Signed in as %1$s,Signed in as %1$s,YES
user_signed_out,Chinese (Simplified),values-zh-rCN,Not signed in,Not signed in,YES
syncing_progress,Chinese (Simplified),values-zh-rCN,Syncing progress…,Syncing progress…,YES
sync_complete,Chinese (Simplified),values-zh-rCN,Progress synced,Progress synced,YES
sync_failed,Chinese (Simplified),values-zh-rCN,Sync failed,Sync failed,YES
sign_out,Chinese (Simplified),values-zh-rCN,Sign out,Sign out,YES
confirm_sign_out,Chinese (Simplified),values-zh-rCN,Are you sure you want to sign out?,Are you sure you want to sign out?,YES
achievement_reached_prefix,Chinese (Simplified),values-zh-rCN,Achievement reached: ,Achievement reached: ,YES
additional_data_item,Chinese (Simplified),values-zh-rCN,- Additional Data:,- Additional Data:,YES
additional_flashcards_games,Chinese (Simplified),values-zh-rCN,Additional Flashcards games:,Additional Flashcards games:,YES
additional_properties_requires_pro,Chinese (Simplified),values-zh-rCN,Additional properties requires PRO-version. Get PRO to unlock more data and tables:,Additional properties requires PRO-version. Get PRO to unlock more data and tables:,YES
additional_tables_item,Chinese (Simplified),values-zh-rCN,- Additional Tables:,- Additional Tables:,YES
all_core_features,Chinese (Simplified),values-zh-rCN,All Core Features,All Core Features,YES
and_more_item,Chinese (Simplified),values-zh-rCN,- And more,- And more,YES
appearance_colon,Chinese (Simplified),values-zh-rCN,Appearance:,Appearance:,YES
atomic_mass_colon,Chinese (Simplified),values-zh-rCN,Atomic Mass:,Atomic Mass:,YES
atomic_number_label,Chinese (Simplified),values-zh-rCN,Atomic Number:,Atomic Number:,YES
atomic_radius_calculated_colon,Chinese (Simplified),values-zh-rCN,Atomic Radius (Calculated):,Atomic Radius (Calculated):,YES
atomic_radius_empirical_colon,Chinese (Simplified),values-zh-rCN,Atomic Radius (Empirical):,Atomic Radius (Empirical):,YES
atomic_weight_relative_atomic_mass,Chinese (Simplified),values-zh-rCN,Atomic Weight (Relative Atomic Mass):,Atomic Weight (Relative Atomic Mass):,YES
balance_equation,Chinese (Simplified),values-zh-rCN,Balance equation:,Balance equation:,YES
balance_equation_colon,Chinese (Simplified),values-zh-rCN,Balance equation:,Balance equation:,YES
block_colon,Chinese (Simplified),values-zh-rCN,Block:,Block:,YES
boiling_point_colon,Chinese (Simplified),values-zh-rCN,Boiling Point:,Boiling Point:,YES
brinell_hardness_colon,Chinese (Simplified),values-zh-rCN,Brinell hardness:,Brinell hardness:,YES
calculations,Chinese (Simplified),values-zh-rCN,Calculations,Calculations,YES
calculations_stat,Chinese (Simplified),values-zh-rCN,Calculations,Calculations,YES
card_order,Chinese (Simplified),values-zh-rCN,Card Order,Card Order,YES
color_label,Chinese (Simplified),values-zh-rCN,Color: ,Color: ,YES
constants_table_label,Chinese (Simplified),values-zh-rCN,Constants Table:,Constants Table:,YES
correct,Chinese (Simplified),values-zh-rCN,Correct,Correct,YES
correct_answer,Chinese (Simplified),values-zh-rCN,Correct answer: %s,Correct answer: %s,YES
cristal_structure_label,Chinese (Simplified),values-zh-rCN,Cristal Structure: ,Cristal Structure: ,YES
currently_no_favorites,Chinese (Simplified),values-zh-rCN,Currently no favorites,Currently no favorites,YES
density_colon,Chinese (Simplified),values-zh-rCN,Density:,Density:,YES
density_label,Chinese (Simplified),values-zh-rCN,Density: ,Density: ,YES
electron_shell_colon,Chinese (Simplified),values-zh-rCN,Electron Shell:,Electron Shell:,YES
electronegativity_colon,Chinese (Simplified),values-zh-rCN,Electronegativity:,Electronegativity:,YES
elements_included_will_be_shown_here,Chinese (Simplified),values-zh-rCN,Elements included will be shown here,Elements included will be shown here,YES
elements_opened,Chinese (Simplified),values-zh-rCN,Elements opened,Elements opened,YES
emission_spectrum_colon,Chinese (Simplified),values-zh-rCN,Emission Spectrum:,Emission Spectrum:,YES
enable_zoom_in_tables,Chinese (Simplified),values-zh-rCN,Enable Zoom in tables,Enable Zoom in tables,YES
experimental,Chinese (Simplified),values-zh-rCN,Experimental,Experimental,YES
favorites_colon,Chinese (Simplified),values-zh-rCN,Favorites:,Favorites:,YES
fifty_lives_in_flashcards,Chinese (Simplified),values-zh-rCN,50 lives in Flashcards:,50 lives in Flashcards:,YES
finished_game_xp,Chinese (Simplified),values-zh-rCN,Finished Game: +%dxp,Finished Game: +%dxp,YES
formula_will_be_displayed_here,Chinese (Simplified),values-zh-rCN,Formula will be displayed here,Formula will be displayed here,YES
fusion_heat_colon,Chinese (Simplified),values-zh-rCN,Fusion heat:,Fusion heat:,YES
game_results,Chinese (Simplified),values-zh-rCN,Game Results,Game Results,YES
get_pro_button,Chinese (Simplified),values-zh-rCN,Get PRO,Get PRO,YES
get_pro_plus_button,Chinese (Simplified),values-zh-rCN,Get PRO+,Get PRO+,YES
go_online_for_emission_lines,Chinese (Simplified),values-zh-rCN,Go online for emission lines,Go online for emission lines,YES
go_pro_more_features,Chinese (Simplified),values-zh-rCN,Go Pro - more features,Go Pro - more features,YES
go_pro_school_start_sale,Chinese (Simplified),values-zh-rCN,GO PRO - SCHOOL START SALE,GO PRO - SCHOOL START SALE,YES
group_label,Chinese (Simplified),values-zh-rCN,Group: ,Group: ,YES
hardness_label,Chinese (Simplified),values-zh-rCN,Hardness: ,Hardness: ,YES
isotopes_table_description,Chinese (Simplified),values-zh-rCN,"A table with isotopes for different elements as well as half-time, mass, proton, neutron and nucleons data.","A table with isotopes for different elements as well as half-time, mass, proton, neutron and nucleons data.",YES
level_x_y,Chinese (Simplified),values-zh-rCN,Level X-Y,Level X-Y,YES
lives_label,Chinese (Simplified),values-zh-rCN,Lives: %s,Lives: %s,YES
lives_lost_detail,Chinese (Simplified),values-zh-rCN,Lives lost: %1$d (%2$d per wrong/timeout answer),Lives lost: %1$d (%2$d per wrong/timeout answer),YES
lives_unlimited,Chinese (Simplified),values-zh-rCN,Lives: ∞,Lives: ∞,YES
magnetism_label,Chinese (Simplified),values-zh-rCN,Magnetism: ,Magnetism: ,YES
melting_point_colon,Chinese (Simplified),values-zh-rCN,Melting Point:,Melting Point:,YES
most_advanced,Chinese (Simplified),values-zh-rCN,Most advanced,Most advanced,YES
new_label,Chinese (Simplified),values-zh-rCN,NEW,NEW,YES
next_life_in,Chinese (Simplified),values-zh-rCN,Next life in %1$d minutes and %2$d seconds.\nYou will gain %3$d life%4$s.,Next life in %1$d minutes and %2$d seconds.\nYou will gain %3$d life%4$s.,YES
no_image,Chinese (Simplified),values-zh-rCN,No Image,No Image,YES
non_pro,Chinese (Simplified),values-zh-rCN,NON-PRO,NON-PRO,YES
option_placeholder,Chinese (Simplified),values-zh-rCN,Option %d,Option %d,YES
out_of_lives_hours,Chinese (Simplified),values-zh-rCN,"Out of lives! More lives in %1$d hours, %2$d minutes and %3$d seconds.","Out of lives! More lives in %1$d hours, %2$d minutes and %3$d seconds.",YES
out_of_lives_minutes,Chinese (Simplified),values-zh-rCN,Out of lives! More lives in %1$d minutes and %2$d seconds.,Out of lives! More lives in %1$d minutes and %2$d seconds.,YES
perfect_all_correct_xp,Chinese (Simplified),values-zh-rCN,Perfect (All Correct): +%dxp,Perfect (All Correct): +%dxp,YES
phase_stp_colon,Chinese (Simplified),values-zh-rCN,Phase (STP):,Phase (STP):,YES
pro_plus_rewards,Chinese (Simplified),values-zh-rCN,PRO+ Rewards: %s,PRO+ Rewards: %s,YES
pro_plus_user,Chinese (Simplified),values-zh-rCN,PRO+ USER,PRO+ USER,YES
pro_plus_version,Chinese (Simplified),values-zh-rCN,PRO+ Version,PRO+ Version,YES
pro_user,Chinese (Simplified),values-zh-rCN,PRO USER,PRO USER,YES
pro_version,Chinese (Simplified),values-zh-rCN,PRO Version,PRO Version,YES
progress_xp,Chinese (Simplified),values-zh-rCN,%1$d/%2$d,%1$d/%2$d,YES
question_text,Chinese (Simplified),values-zh-rCN,Question text,Question text,YES
questions_correct_xp,Chinese (Simplified),values-zh-rCN,Questions Correct: +%dxp,Questions Correct: +%dxp,YES
rate,Chinese (Simplified),values-zh-rCN,Rate,Rate,YES
rate_app,Chinese (Simplified),values-zh-rCN,Rate App,Rate App,YES
rate_app_description,Chinese (Simplified),values-zh-rCN,"Let us know what you think of the app, by rating it on the Play Store!","Let us know what you think of the app, by rating it on the Play Store!",YES
reaction_balancer,Chinese (Simplified),values-zh-rCN,Reaction Balancer:,Reaction Balancer:,YES
score_summary,Chinese (Simplified),values-zh-rCN,Score: %1$d/%2$d,Score: %1$d/%2$d,YES
searches,Chinese (Simplified),values-zh-rCN,Searches,Searches,YES
solubility_table,Chinese (Simplified),values-zh-rCN,Solubility Table,Solubility Table,YES
specific_heat_capacity_colon,Chinese (Simplified),values-zh-rCN,Specific Heat Capacity:,Specific Heat Capacity:,YES
streak_label,Chinese (Simplified),values-zh-rCN,Streak: ,Streak: ,YES
time_up,Chinese (Simplified),values-zh-rCN,Time\'s Up,Time\'s Up,YES
tools,Chinese (Simplified),values-zh-rCN,Tools,Tools,YES
total_xp_stat,Chinese (Simplified),values-zh-rCN,Total XP: %d,Total XP: %d,YES
type_label,Chinese (Simplified),values-zh-rCN,Type: ,Type: ,YES
unit_conversion_format,Chinese (Simplified),values-zh-rCN,%1$s %2$s → %3$s %4$s (%5$s),%1$s %2$s → %3$s %4$s (%5$s),YES
unlock_advanced_data_and_additional_flashcards,Chinese (Simplified),values-zh-rCN,Unlock advanced data and additional flashcards.,Unlock advanced data and additional flashcards.,YES
unlock_advanced_data_and_extra_atomic_content,Chinese (Simplified),values-zh-rCN,Unlock advanced data and extra Atomic content.,Unlock advanced data and extra Atomic content.,YES
usage_statistics,Chinese (Simplified),values-zh-rCN,Usage Statistics,Usage Statistics,YES
vaporization_heat_colon,Chinese (Simplified),values-zh-rCN,Vaporization Heat:,Vaporization Heat:,YES
wrong,Chinese (Simplified),values-zh-rCN,Wrong,Wrong,YES
xp_bonus,Chinese (Simplified),values-zh-rCN,+%d%% bonus xp,+%d%% bonus xp,YES
you_have_full_lives,Chinese (Simplified),values-zh-rCN,You have full lives!,You have full lives!,YES
your_answer,Chinese (Simplified),values-zh-rCN,Your answer: %s,Your answer: %s,YES
